m_a_eV,dipole_cann1_D_0.15mm_GeVinv,dipole_cann1_D_1mm_GeVinv
9.999999999999999547e-07,1.301621810806243407e-08,1.218994992439810828e-09
1.011591112223829652e-06,1.286810037361624095e-08,1.205168589607768750e-09
1.023316578330244814e-06,1.272167985198542311e-08,1.191500625926566222e-09
1.035177955630176236e-06,1.257693709641156364e-08,1.177989286093983586e-09
1.047176819485520330e-06,1.243385288296400862e-08,1.164632775609663539e-09
1.059314763518370023e-06,1.229240820799327580e-08,1.151429320536885603e-09
1.071593399822671139e-06,1.215258428560133775e-08,1.138377167266855214e-09
1.084014359178330942e-06,1.201436254514953350e-08,1.125474582285873685e-09
1.096579291267809966e-06,1.187772462879495662e-08,1.112719851945046362e-09
1.109289864895222755e-06,1.174265238904709608e-08,1.100111282232752951e-09
1.122147768207980129e-06,1.160912788635825579e-08,1.087647198549614689e-09
1.135154708920999016e-06,1.147713338674551791e-08,1.075325945486058232e-09
1.148312414543511196e-06,1.134665135943011656e-08,1.063145886602524883e-09
1.161622632608501865e-06,1.121766447451266333e-08,1.051105404212072422e-09
1.175087130904807464e-06,1.109015560066831430e-08,1.039202899165550107e-09
1.188707697711903258e-06,1.096410780287383826e-08,1.027436790639164415e-09
1.202486142037412225e-06,1.083950434016070129e-08,1.015805515924590443e-09
1.216424293857368064e-06,1.071632866338525917e-08,1.004307530221393420e-09
1.230524004359261563e-06,1.059456441303374762e-08,9.929413064318279353e-10
1.244787146187906095e-06,1.047419541705373232e-08,9.817053349580442786e-10
1.259215613694150849e-06,1.035520568870008928e-08,9.705981235016106694e-10
1.273811323186478410e-06,1.023757942441409220e-08,9.596181968652965874e-10
1.288576213185518045e-06,1.012130100172427463e-08,9.487640967570921787e-10
1.303512244681508989e-06,1.000635497717381309e-08,9.380343815966502674e-10
1.318621401394748467e-06,9.892726084265740983e-09,9.274276263236977805e-10
1.333905690039058748e-06,9.780399231436665422e-09,9.169424222088407236e-10
1.349367140588306489e-06,9.669359500053183619e-09,9.065773766664502391e-10
1.365007806546013744e-06,9.559592142431615790e-09,8.963311130696886851e-10
1.380829765218092407e-06,9.451082579874447130e-09,8.862022705677044770e-10
1.396835117988739787e-06,9.343816400740531985e-09,8.761895039048552807e-10
1.413025990599533632e-06,9.237779358524812263e-09,8.662914832420737063e-10
1.429404533431761129e-06,9.132957369971705393e-09,8.565068939802332277e-10
1.445972921792019565e-06,9.029336513200706445e-09,8.468344365855399719e-10
1.462733356201129952e-06,8.926903025858633730e-09,8.372728264169373478e-10
1.479688062686396214e-06,8.825643303292216427e-09,8.278207935555178294e-10
1.496839293077255471e-06,8.725543896741082139e-09,8.184770826358138863e-10
1.514189325304352035e-06,8.626591511550636490e-09,8.092404526791130254e-10
1.531740463702079791e-06,8.528773005407571072e-09,8.001096769286005915e-10
1.549495039314631713e-06,8.432075386594542129e-09,7.910835426864471657e-10
1.567455410205595074e-06,8.336485812261798178e-09,7.821608511527447133e-10
1.585623961771137209e-06,8.241991586725561954e-09,7.733404172662942709e-10
1.604003107056819987e-06,8.148580159778929249e-09,7.646210695472062981e-10
1.622595287078087214e-06,8.056239125027113343e-09,7.560016499412880476e-10
1.641402971144466496e-06,7.964956218236954978e-09,7.474810136662854758e-10
1.660428657187529599e-06,7.874719315711208055e-09,7.390580290598249052e-10
1.679674872092653225e-06,7.785516432674981574e-09,7.307315774290711907e-10
1.699144172034625966e-06,7.697335721688358529e-09,7.225005529022000989e-10
1.718839142817145670e-06,7.610165471067822630e-09,7.143638622815228780e-10
1.738762400216250434e-06,7.523994103334459195e-09,7.063204248982367546e-10
1.758916590327732554e-06,7.438810173675215586e-09,6.983691724689691708e-10
1.779304389918577576e-06,7.354602368422171002e-09,6.905090489538561324e-10
1.799928506782476310e-06,7.271359503550685858e-09,6.827390104162795703e-10
1.820791680099462520e-06,7.189070523193962422e-09,6.750580248842430367e-10
1.841896680799710828e-06,7.107724498174318633e-09,6.674650722132940222e-10
1.863246311931559606e-06,7.027310624552175166e-09,6.599591439510425255e-10
1.884843409033795304e-06,6.947818222189870543e-09,6.525392432032115599e-10
1.906690840512251975e-06,6.869236733334551850e-09,6.452043845012675766e-10
1.928791508020777896e-06,6.791555721215881909e-09,6.379535936714946273e-10
1.951148346846616293e-06,6.714764868658773852e-09,6.307859077056392392e-10
1.973764326300255428e-06,6.638853976713853821e-09,6.237003746330014096e-10
1.996642450109793374e-06,6.563812963303274488e-09,6.166960533939979808e-10
2.019785756819878467e-06,6.489631861880710585e-09,6.097720137151798893e-10
2.043197320195270527e-06,6.416300820107933622e-09,6.029273359856775415e-10
2.066880249629081940e-06,6.343810098547304030e-09,5.961611111350735932e-10
2.090837690555749843e-06,6.272150069366639591e-09,5.894724405126478156e-10
2.115072824868794891e-06,6.201311215061900507e-09,5.828604357680284777e-10
2.139588871343421664e-06,6.131284127191455820e-09,5.763242187332327717e-10
2.164389086064020431e-06,6.062059505128204537e-09,5.698629213059925747e-10
2.189476762856620668e-06,5.993628154823782677e-09,5.634756853344911724e-10
2.214855233726359433e-06,5.925980987586354292e-09,5.571616625033732216e-10
2.240527869300017970e-06,5.859109018875755899e-09,5.509200142210902986e-10
2.266498079273693014e-06,5.793003367107310595e-09,5.447499115085110003e-10
2.292769312865648563e-06,5.727655252475066859e-09,5.386505348888207228e-10
2.319345059274427713e-06,5.663055995783512642e-09,5.326210742786990214e-10
2.346228848142262270e-06,5.599197017296179658e-09,5.266607288807201626e-10
2.373424250023866098e-06,5.536069835595336033e-09,5.207687070769938278e-10
2.400934876860651595e-06,5.473666066456049561e-09,5.149442263240344900e-10
2.428764382460450616e-06,5.411977421732271551e-09,5.091865130488282373e-10
2.456916462982790237e-06,5.350995708256640289e-09,5.034948025460851540e-10
2.485394857429798321e-06,5.290712826751104851e-09,4.978683388766870805e-10
2.514203348142796490e-06,5.231120770752456365e-09,4.923063747672764686e-10
2.543345761304648260e-06,5.172211625548022014e-09,4.868081715110275888e-10
2.572825967447932223e-06,5.113977567125373958e-09,4.813729988695125106e-10
2.602647881969004651e-06,5.056410861132124076e-09,4.760001349757408522e-10
2.632815465648020122e-06,4.999503861849890781e-09,4.706888662382634915e-10
2.663332725174980912e-06,4.943249011177397097e-09,4.654384872464135984e-10
2.694203713681882057e-06,4.887638837627653955e-09,4.602483006766195898e-10
2.725432531281027893e-06,4.832665955335457611e-09,4.551176171997825117e-10
2.757023325609582764e-06,4.778323063076184693e-09,4.500457553897290130e-10
2.788980292380439744e-06,4.724602943296370439e-09,4.450320416327111701e-10
2.821307675939470909e-06,4.671498461154723470e-09,4.400758100379379589e-10
2.854009769829237506e-06,4.619002563574555658e-09,4.351764023491430304e-10
2.887090917359234552e-06,4.567108278307509626e-09,4.303331678571570446e-10
2.920555512182745261e-06,4.515808713006854242e-09,4.255454633134813072e-10
2.954407998880379827e-06,4.465097054312597225e-09,4.208126528448596576e-10
2.988652873550382432e-06,4.414966566946050759e-09,4.161341078688301008e-10
3.023294684405776334e-06,4.365410592815668279e-09,4.115092070102399502e-10
3.058338032378431778e-06,4.316422550132823138e-09,4.069373360187166732e-10
3.093787571730136731e-06,4.267995932536941030e-09,4.024178876870893232e-10
3.129648010670750519e-06,4.220124308231973892e-09,3.979502617707450473e-10
3.165924111983520818e-06,4.172801319132477366e-09,3.935338649079124497e-10
3.202620693657649979e-06,4.126020680017751622e-09,3.891681105408507186e-10
3.239742629528195378e-06,4.079776177698574353e-09,3.848524188379525278e-10
3.277294849923382168e-06,4.034061670191278300e-09,3.805862166167336776e-10
3.315282342319423268e-06,3.988871085901575452e-09,3.763689372677055946e-10
3.353710152002928776e-06,3.944198422819191670e-09,3.722000206791314678e-10
3.392583382740992040e-06,3.900037747719754026e-09,3.680789131626267293e-10
3.431907197459042598e-06,3.856383195377064223e-09,3.640050673796318998e-10
3.471686818926559579e-06,3.813228967784255112e-09,3.599779422687146836e-10
3.511927530450727740e-06,3.770569333383442349e-09,3.559970029737135123e-10
3.552634676578139464e-06,3.728398626304530460e-09,3.520617207727019623e-10
3.593813663804625307e-06,3.686711245612931367e-09,3.481715730077694440e-10
3.635469961293317292e-06,3.645501654565266032e-09,3.443260430156095817e-10
3.677609101601030474e-06,3.604764379874048454e-09,3.405246200588946734e-10
3.720236681413065301e-06,3.564494010980934710e-09,3.367667992584533945e-10
3.763358362286532808e-06,3.524685199337999369e-09,3.330520815262142122e-10
3.806979871402283974e-06,3.485332657697102145e-09,3.293799734989144596e-10
3.851107002325569028e-06,3.446431159408198859e-09,3.257499874725950237e-10
3.895745615775500812e-06,3.407975537724369511e-09,3.221616413378071846e-10
3.940901640403447568e-06,3.369960685116164969e-09,3.186144585155995380e-10
3.986581073580438997e-06,3.332381552592966067e-09,3.151079678942187227e-10
4.032789982193705460e-06,3.295233149032368436e-09,3.116417037665403412e-10
4.079534503452448557e-06,3.258510540517305186e-09,3.082152057682189079e-10
4.126820845702951947e-06,3.222208849680852034e-09,3.048280188165536701e-10
4.174655289253134888e-06,3.186323255057923258e-09,3.014796930500401614e-10
4.223044187206672164e-06,3.150848990445514495e-09,2.981697837686331827e-10
4.271993966306776970e-06,3.115781344269129952e-09,2.948978513746817637e-10
4.321511127789761941e-06,3.081115658957155108e-09,2.916634613145502189e-10
4.371602248248501995e-06,3.046847330322406027e-09,2.884661840209071007e-10
4.422273980505897255e-06,3.012971806950175348e-09,2.853055948556719676e-10
4.473533054498463085e-06,2.979484589594041374e-09,2.821812740536216217e-10
4.525386278170166693e-06,2.946381230578084904e-09,2.790928066666454256e-10
4.577840538376616169e-06,2.913657333206159441e-09,2.760397825086331011e-10
4.630902801799736631e-06,2.881308551178021208e-09,2.730217961010040073e-10
4.684580115873045307e-06,2.849330588011692380e-09,2.700384466188535985e-10
4.738879609717650886e-06,2.817719196473138668e-09,2.670893378377230073e-10
4.793808495089106764e-06,2.786470178011993997e-09,2.641740780809786741e-10
4.849374067335233355e-06,2.755579382203749607e-09,2.612922801677943186e-10
4.905583706365045857e-06,2.725042706198645800e-09,2.584435613617343751e-10
4.962444877628913673e-06,2.694856094176547091e-09,2.556275433199204355e-10
5.019965133110079395e-06,2.665015536808417440e-09,2.528438520427919692e-10
5.078152112327670320e-06,2.635517070723411209e-09,2.500921178244315940e-10
5.137013543351338897e-06,2.606356777982827236e-09,2.473719752034699943e-10
5.196557243827657437e-06,2.577530785559326267e-09,2.446830629145518737e-10
5.256791122018419569e-06,2.549035264822839439e-09,2.420250238403575152e-10
5.317723177850966182e-06,2.520866431031544497e-09,2.393975049641783452e-10
5.379361503980697620e-06,2.493020542829644323e-09,2.368001573230347662e-10
5.441714286865887343e-06,2.465493901749877771e-09,2.342326359613337250e-10
5.504789807854967299e-06,2.438282851722711634e-09,2.316945998850577701e-10
5.568596444286408679e-06,2.411383778590259539e-09,2.291857120164803511e-10
5.633142670601352205e-06,2.384793109626637132e-09,2.267056391494048529e-10
5.698437059469136196e-06,2.358507313062901088e-09,2.242540519049121126e-10
5.764488282925873171e-06,2.332522897618247805e-09,2.218306246876202211e-10
5.831305113526218997e-06,2.306836412036177250e-09,2.194350356424445087e-10
5.898896425508492959e-06,2.281444444625870120e-09,2.170669666118593983e-10
5.967271195973310562e-06,2.256343622809188991e-09,2.147261030936430982e-10
6.036438506075863713e-06,2.231530612672540399e-09,2.124121341991176220e-10
6.106407542232036346e-06,2.207002118523966779e-09,2.101247526118596026e-10
6.177187597338488473e-06,2.182754882455493051e-09,2.078636545468926295e-10
6.248788072006888211e-06,2.158785683910169956e-09,2.056285397103459345e-10
6.321218475812448520e-06,2.135091339254337716e-09,2.034191112595757298e-10
6.394488428556936328e-06,2.111668701354638128e-09,2.012350757637472608e-10
6.468607661546320942e-06,2.088514659160019527e-09,1.990761431648684202e-10
6.543586018883229431e-06,2.065626137288315216e-09,1.969420267392744878e-10
6.619433458774387721e-06,2.043000095617796163e-09,1.948324430595508349e-10
6.696160054853215108e-06,2.020633528883186324e-09,1.927471119568970595e-10
6.773775997517744987e-06,1.998523466276583155e-09,1.906857564839250299e-10
6.852291595284057289e-06,1.976666971052505341e-09,1.886481028778806245e-10
6.931717276155400522e-06,1.955061140138038846e-09,1.866338805242934871e-10
7.012063589007177030e-06,1.933703103746920354e-09,1.846428219210411731e-10
7.093341204987989700e-06,1.912590024998326528e-09,1.826746626428292126e-10
7.175560918936921209e-06,1.891719099540059745e-09,1.807291413060785087e-10
7.258733650817246552e-06,1.871087555175878000e-09,1.788059995342185444e-10
7.342870447166757580e-06,1.850692651497150755e-09,1.769049819233775083e-10
7.427982482564909622e-06,1.830531679518874247e-09,1.750258360084708358e-10
7.514081061116962114e-06,1.810601961319581562e-09,1.731683122296772852e-10
7.601177617955322483e-06,1.790900849685725497e-09,1.713321638993016171e-10
7.689283720758305013e-06,1.771425727759776894e-09,1.695171471690210595e-10
7.778411071286482598e-06,1.752174008692597858e-09,1.677230209975054779e-10
7.868571506936843969e-06,1.733143135299765581e-09,1.659495471184142745e-10
7.959777002314978321e-06,1.714330579721680723e-09,1.641964900087595992e-10
8.052039670825469458e-06,1.695733843087755459e-09,1.624636168576335193e-10
8.145371766280736623e-06,1.677350455184345950e-09,1.607506975352986848e-10
8.239785684528511741e-06,1.659177974126518602e-09,1.590575045626324052e-10
8.335293965098186867e-06,1.641213986033480316e-09,1.573838130809239075e-10
8.431909292866250367e-06,1.623456104707950872e-09,1.557294008220202762e-10
8.529644499741016815e-06,1.605901971318975153e-09,1.540940480788156479e-10
8.628512566366886081e-06,1.588549254088424579e-09,1.524775376760824959e-10
8.728526623848370479e-06,1.571395647981185510e-09,1.508796549416363474e-10
8.829699955494083082e-06,1.554438874398821378e-09,1.493001876778369549e-10
8.932045998580959975e-06,1.537676680876722429e-09,1.477389261334162055e-10
9.035578346138921401e-06,1.521106840784747404e-09,1.461956629756296634e-10
9.140310748756222539e-06,1.504727153031267415e-09,1.446701932627332982e-10
9.246257116405732772e-06,1.488535441770706727e-09,1.431623144167749819e-10
9.353431520292377225e-06,1.472529556114261155e-09,1.416718261967020709e-10
9.461848194721992990e-06,1.456707369844021341e-09,1.401985306717770882e-10
9.571521538991855843e-06,1.441066781130422539e-09,1.387422321953040891e-10
9.682466119303114621e-06,1.425605712252740081e-09,1.373027373786552154e-10
9.794696670695385670e-06,1.410322109323045971e-09,1.358798550655991712e-10
9.908228099003786902e-06,1.395213942013068468e-09,1.344733963069271736e-10
1.002307548283864352e-05,1.380279203284345301e-09,1.330831743353691908e-10
1.013925407558814327e-05,1.365515909121402910e-09,1.317090045408044517e-10
1.025677930744420885e-05,1.350922098267977033e-09,1.303507044457549532e-10
1.037566678745184839e-05,1.336495831966276890e-09,1.290080936811655082e-10
1.049593230558226690e-05,1.322235193699205728e-09,1.276809939624613134e-10
1.061759183482999109e-05,1.308138288935556718e-09,1.263692290658848451e-10
1.074066153333432268e-05,1.294203244878125088e-09,1.250726248051057245e-10
1.086515774652537261e-05,1.280428210214637219e-09,1.237910090081020280e-10
1.099109700929496075e-05,1.266811354871623461e-09,1.225242114943083886e-10
1.111849604819269957e-05,1.253350869771002872e-09,1.212720640520302430e-10
1.124737178364750747e-05,1.240044966589564323e-09,1.200344004161191831e-10
1.137774133221490236e-05,1.226891877521048054e-09,1.188110562459066728e-10
1.150962200885031106e-05,1.213889855041113470e-09,1.176018691033949135e-10
1.164303132920875528e-05,1.201037171674876368e-09,1.164066784316995357e-10
1.177798701197118017e-05,1.188332119767105338e-09,1.152253255337433907e-10
1.191450698119774729e-05,1.175773011255097824e-09,1.140576535511967906e-10
1.205260936870841401e-05,1.163358177444153109e-09,1.129035074436635634e-10
1.219231251649109383e-05,1.151085968785509064e-09,1.117627339681068351e-10
1.233363497913774693e-05,1.138954754656939732e-09,1.106351816585166589e-10
1.247659552630868525e-05,1.126962923145777366e-09,1.095207008058116717e-10
1.262121314522546164e-05,1.115108880834459868e-09,1.084191434379752564e-10
1.276750704319264449e-05,1.103391052588448496e-09,1.073303633004235607e-10
1.291549665014882683e-05,1.091807881346673863e-09,1.062542158366003304e-10
1.306520162124719865e-05,1.080357827914270735e-09,1.051905581687995161e-10
1.321664183946603801e-05,1.069039370757747018e-09,1.041392490792096793e-10
1.336983741824945150e-05,1.057851005802443830e-09,1.031001489911805746e-10
1.352480870417873994e-05,1.046791246232341250e-09,1.020731199507067636e-10
1.368157627967470456e-05,1.035858622292101175e-09,1.010580256081280015e-10
1.384016096573130180e-05,1.025051681091407670e-09,1.000547312000437473e-10
1.400058382468096031e-05,1.014368986411515897e-09,9.906310353143658865e-11
1.416286616299197323e-05,1.003809118513993479e-09,9.808301095800728307e-11
1.432702953409829647e-05,9.933706739516735414e-10,9.711432336871344033e-11
1.449309574126214897e-05,9.830522653817243004e-10,9.615691216851452203e-11
1.466108684046983036e-05,9.728525213808562953e-10,9.521065026131719975e-11
1.483102514336102853e-05,9.627700862626542319e-10,9.427541203312083922e-11
1.500293322019216613e-05,9.528036198969455523e-10,9.335107333536026702e-11
1.517683390283403825e-05,9.429517975312415053e-10,9.243751146844359686e-11
1.535275028780421074e-05,9.332133096142496843e-10,9.153460516548269848e-11
1.553070573933458561e-05,9.235868616212962149e-10,9.064223457621510712e-11
1.571072389247448757e-05,9.140711738818289220e-10,8.976028125111410365e-11
1.589282865622976477e-05,9.046649814088188765e-10,8.888862812568506549e-11
1.607704421673822041e-05,8.953670337301113998e-10,8.802715950494709302e-11
1.626339504048190734e-05,8.861760947217118441e-10,8.717576104809637016e-11
1.645190587753660725e-05,8.770909424429212583e-10,8.633431975335010882e-11
1.664260176485901990e-05,8.681103689733822207e-10,8.550272394296911269e-11
1.683550802961200778e-05,8.592331802519549130e-10,8.468086324845631071e-11
1.703065029252842484e-05,8.504581959173918974e-10,8.386862859593027810e-11
1.722805447131392224e-05,8.417842491508704321e-10,8.306591219167039733e-11
1.742774678408917511e-05,8.332101865202674489e-10,8.227260750783387874e-11
1.762975375287203833e-05,8.247348678261902220e-10,8.148860926834040165e-11
1.783410220710006182e-05,8.163571659497764799e-10,8.071381343492371664e-11
1.804081928719380908e-05,8.080759667022077105e-10,7.994811719334940772e-11
1.824993244816150412e-05,7.998901686758993694e-10,7.919141893979407115e-11
1.846146946324545750e-05,7.917986830973805010e-10,7.844361826738734529e-11
1.867545842761074234e-05,7.838004336818688718e-10,7.770461595291277217e-11
1.889192776207664550e-05,7.758943564894184728e-10,7.697431394366666343e-11
1.911090621689135813e-05,7.680793997827419570e-10,7.625261534447341974e-11
1.933242287555043403e-05,7.603545238866156820e-10,7.553942440485483506e-11
1.955650715865946999e-05,7.527187010488668379e-10,7.483464650635206735e-11
1.978318882784162123e-05,7.451709153029055419e-10,7.413818814999924199e-11
2.001249798969034841e-05,7.377101623318471882e-10,7.344995694394586998e-11
2.024446509976801623e-05,7.303354493341195863e-10,7.276986159122724109e-11
2.047912096665083489e-05,7.230457948905829100e-10,7.209781187768095659e-11
2.071649675602066959e-05,7.158402288331547007e-10,7.143371866000811509e-11
2.095662399480430758e-05,7.087177921149132504e-10,7.077749385397714836e-11
2.119953457536068761e-05,7.016775366816129805e-10,7.012905042276960905e-11
2.144526075971665420e-05,6.947185253446896779e-10,6.948830236546541586e-11
2.169383518385182289e-05,6.878398316556463974e-10,6.885516470566657402e-11
2.194529086203311546e-05,6.810405397818653215e-10,6.822955348025822055e-11
2.219966119119952429e-05,6.743197443837859145e-10,6.761138572830439662e-11
2.245697995539771554e-05,6.676765504934678815e-10,6.700057948007815927e-11
2.271728133026902697e-05,6.611100733944976745e-10,6.639705374622430041e-11
2.298059988758848710e-05,6.546194385032377200e-10,6.580072850705294137e-11
2.324697059985645546e-05,6.482037812513802138e-10,6.521152470196299480e-11
2.351642884494346329e-05,6.418622469698241980e-10,6.462936421899372323e-11
2.378901041078890856e-05,6.355939907738248413e-10,6.405416988450351543e-11
2.406475150015421866e-05,6.293981774494291925e-10,6.348586545297413574e-11
2.434368873543108034e-05,6.232739813411446399e-10,6.292437559693902460e-11
2.462585916350544169e-05,6.172205862408804013e-10,6.236962589703492660e-11
2.491130026067785879e-05,6.112371852780932858e-10,6.182154283217495893e-11
2.520004993764089510e-05,6.053229808111457920e-10,6.128005376984193126e-11
2.549214654451420375e-05,5.994771843198624811e-10,6.074508695650124488e-11
2.578762887593798400e-05,5.936990162992866923e-10,6.021657150813092836e-11
2.608653617622545218e-05,5.879877061545682204e-10,5.969443740086905537e-11
2.638890814457507585e-05,5.823424920970313810e-10,5.917861546177607593e-11
2.669478494034318111e-05,5.767626210413777599e-10,5.866903735971145367e-11
2.700420718837769874e-05,5.712473485039993497e-10,5.816563559632375613e-11
2.731721598441373358e-05,5.657959385024212013e-10,5.766834349715209129e-11
2.763385290053166867e-05,5.604076634558291292e-10,5.717709520283847032e-11
2.795415999067853594e-05,5.550818040866748201e-10,5.669182566045000440e-11
2.827817979625338199e-05,5.498176493233759217e-10,5.621247061490941055e-11
2.860595535175739117e-05,5.446144962040420419e-10,5.573896660053289575e-11
2.893753019050947418e-05,5.394716497812685355e-10,5.527125093267439847e-11
2.927294835042812854e-05,5.343884230279437928e-10,5.480926169947536032e-11
2.961225437988031288e-05,5.293641367440890577e-10,5.435293775371814732e-11
2.995549334359810082e-05,5.243981194646900346e-10,5.390221870478335987e-11
3.030271082866393438e-05,5.194897073685321753e-10,5.345704491070869211e-11
3.065395295056523920e-05,5.146382441880149354e-10,5.301735747034948916e-11
3.100926635931923166e-05,5.098430811199193545e-10,5.258309821563918006e-11
3.136869824566873116e-05,5.051035767371594663e-10,5.215420970394902406e-11
3.173229634734972955e-05,5.004190969014541524e-10,5.173063521054629133e-11
3.210010895543168686e-05,4.957890146769388810e-10,5.131231872114961812e-11
3.247218492073125124e-05,4.912127102447098843e-10,5.089920492458097391e-11
3.284857366030040257e-05,4.866895708182565218e-10,5.049123920551310989e-11
3.322932516398968385e-05,4.822189905598158457e-10,5.008836763731179057e-11
3.361449000108761818e-05,4.778003704975952934e-10,4.969053697497152275e-11
3.400411932703702948e-05,4.734331184438823232e-10,4.929769464814482695e-11
3.439826489022920894e-05,4.691166489140201093e-10,4.890978875426310615e-11
3.479697903887688269e-05,4.648503830462351803e-10,4.852676805174924760e-11
3.520031472796675308e-05,4.606337485223074380e-10,4.814858195332056826e-11
3.560832552629274530e-05,4.564661794890838491e-10,4.777518051938159329e-11
3.602106562357066397e-05,4.523471164808026696e-10,4.740651445150596981e-11
3.643858983763540501e-05,4.482760063422483147e-10,4.704253508600652701e-11
3.686095362172154264e-05,4.442523021527022343e-10,4.668319438759299807e-11
3.728821307182830118e-05,4.402754631506832806e-10,4.632844494311666710e-11
3.772042493416993489e-05,4.363449546594857369e-10,4.597823995540112686e-11
3.815764661271244413e-05,4.324602480134870373e-10,4.563253323715874669e-11
3.859993617679763090e-05,4.286208204852236793e-10,4.529127920499184233e-11
3.904735236885555739e-05,4.248261552132270043e-10,4.495443287347841214e-11
3.949995461220639028e-05,4.210757411306032870e-10,4.462194984934139260e-11
3.995780301895265397e-05,4.173690728943645931e-10,4.429378632570110375e-11
4.042095839796309883e-05,4.137056508154840411e-10,4.396989907641028332e-11
4.088948226294864539e-05,4.100849807896809479e-10,4.365024545047149651e-11
4.136343684063277602e-05,4.065065742289165736e-10,4.333478336653538969e-11
4.184288507901584570e-05,4.029699479936059984e-10,4.302347130748078981e-11
4.232789065573552758e-05,3.994746243255273125e-10,4.271626831507503378e-11
4.281851798652415236e-05,3.960201307814242417e-10,4.241313398471459260e-11
4.331483223376403243e-05,3.926060001672980736e-10,4.211402846024557009e-11
4.381689931514194311e-05,3.892317704733760617e-10,4.181891242886341709e-11
4.432478591240400772e-05,3.858969848097566706e-10,4.152774711609201624e-11
4.483855948021190816e-05,3.826011913427179092e-10,4.124049428084126489e-11
4.535828825510191179e-05,3.793439432316893736e-10,4.095711621054327246e-11
4.588404126454761567e-05,3.761247985668755913e-10,4.067757571636673936e-11
4.641588833612781789e-05,3.729433203075275124e-10,4.040183612850927176e-11
4.695390010680062706e-05,3.697990762208611155e-10,4.012986129156743201e-11
4.749814803228504342e-05,3.666916388216073584e-10,3.986161555998447934e-11
4.804870439655133953e-05,3.636205853121980760e-10,3.959706379357560068e-11
4.860564232142138599e-05,3.605854975235810008e-10,3.933617135313033413e-11
4.916903577628031102e-05,3.575859618566526871e-10,3.907890409609259242e-11
4.973895958790067998e-05,3.546215692243129064e-10,3.882522837231765282e-11
5.031548945038056354e-05,3.516919149941343618e-10,3.857511101990672766e-11
5.089870193519684978e-05,3.487965989316419313e-10,3.832851936111872104e-11
5.148867450137497919e-05,3.459352251441963728e-10,3.808542119835949504e-11
5.208548550577665455e-05,3.431074020254889028e-10,3.784578481024870989e-11
5.268921421350677227e-05,3.403127422006279838e-10,3.760957894776439331e-11
5.329994080844093065e-05,3.375508624718327461e-10,3.737677283046564608e-11
5.391774640387505315e-05,3.348213837647153098e-10,3.714733614279339987e-11
5.454271305329835997e-05,3.321239310751631754e-10,3.692123903044992525e-11
5.517492376129128718e-05,3.294581334168091701e-10,3.669845209685723207e-11
5.581446249454966800e-05,3.268236237690941737e-10,3.647894639969495667e-11
5.646141419303672785e-05,3.242200390259182789e-10,3.626269344751789757e-11
5.711586478126435033e-05,3.216470199448849889e-10,3.604966519645411084e-11
5.777790117970507076e-05,3.191042110971278024e-10,3.583983404698408200e-11
5.844761131633637632e-05,3.165912608177290588e-10,3.563317284080129776e-11
5.912508413831881707e-05,3.141078211567258757e-10,3.542965485775521908e-11
5.981040962380943893e-05,3.116535478307072616e-10,3.522925381287769614e-11
6.050367879391225302e-05,3.092281001749971832e-10,3.503194385349281221e-11
6.120498372476702897e-05,3.068311410964336154e-10,3.483769955641207573e-11
6.191441755977847869e-05,3.044623370267383028e-10,3.464649592521521268e-11
6.263207452198692193e-05,3.021213578764776440e-10,3.445830838761794220e-11
6.335804992658254750e-05,2.998078769896299005e-10,3.427311279292778222e-11
6.409244019356456464e-05,2.975215710987432698e-10,3.409088540958904856e-11
6.483534286054727050e-05,2.952621202807001276e-10,3.391160292281842371e-11
6.558685659571435525e-05,2.930292079130881622e-10,3.373524243233236213e-11
6.634708121092350460e-05,2.908225206311810883e-10,3.356178145016785064e-11
6.711611767496287204e-05,2.886417482855323032e-10,3.339119789859805541e-11
6.789406812696112826e-05,2.864865839001866519e-10,3.322347010814436140e-11
6.868103588995308007e-05,2.843567236315183179e-10,3.305857681568672993e-11
6.947712548460240371e-05,2.822518667276916315e-10,3.289649716267401591e-11
7.028244264308352554e-05,2.801717154887611861e-10,3.273721069343622209e-11
7.109709432312438478e-05,2.781159752274071770e-10,3.258069735360070669e-11
7.192118872221193494e-05,2.760843542303183192e-10,3.242693748861442526e-11
7.275483529196232206e-05,2.740765637202256021e-10,3.227591184237445559e-11
7.359814475265770482e-05,2.720923178185944267e-10,3.212760155596913223e-11
7.445122910795143767e-05,2.701313335089841761e-10,3.198198816653222687e-11
7.531420165974375832e-05,2.681933306010779037e-10,3.183905360621268841e-11
7.618717702322998534e-05,2.662780316953924310e-10,3.169878020126268280e-11
7.707027114212302839e-05,2.643851621486797599e-10,3.156115067124669852e-11
7.796360130405236585e-05,2.625144500400193891e-10,3.142614812837459344e-11
7.886728615614156353e-05,2.606656261376185927e-10,3.129375607696166558e-11
7.978144572076628584e-05,2.588384238663241261e-10,3.116395841301894670e-11
8.070620141149507638e-05,2.570325792758538379e-10,3.103673942397691749e-11
8.164167604921472403e-05,2.552478310097587851e-10,3.091208378854614059e-11
8.258799387844272151e-05,2.534839202751231937e-10,3.078997657671840439e-11
8.354528058382871408e-05,2.517405908130142586e-10,3.067040324991206774e-11
8.451366330684721500e-05,2.500175888696819376e-10,3.055334966126541180e-11
8.549327066268385105e-05,2.483146631685315909e-10,3.043880205608197337e-11
8.648423275731726594e-05,2.466315648828638301e-10,3.032674707243215080e-11
8.748668120479914808e-05,2.449680476094009649e-10,3.021717174191523764e-11
8.850074914473438851e-05,2.433238673426039755e-10,3.011006349058626563e-11
8.952657125996401179e-05,2.416987824497877664e-10,3.000541014005245839e-11
9.056428379445293972e-05,2.400925536470484004e-10,2.990319990874382615e-11
9.161402457138520365e-05,2.385049439760031427e-10,2.980342141336294835e-11
9.267593301146882789e-05,2.369357187813574769e-10,2.970606367051887509e-11
9.375015015145289155e-05,2.353846456893035941e-10,2.961111609855058218e-11
9.483681866285927585e-05,2.338514945867581590e-10,2.951856851954511086e-11
9.593608287093146887e-05,2.323360376014449644e-10,2.942841116155606623e-11
9.704808877380307014e-05,2.308380490828328383e-10,2.934063466102826456e-11
9.817298406188840773e-05,2.293573055839284936e-10,2.925523006543422932e-11
9.931091813749800526e-05,2.278935858439337560e-10,2.917218883612870747e-11
1.004620421346813112e-04,2.264466707717718748e-10,2.909150285142742921e-11
1.016265089392995232e-04,2.250163434304834582e-10,2.901316440991644763e-11
1.028044732093309733e-04,2.236023890224975919e-10,2.893716623399851400e-11
1.039960913954120295e-04,2.222045948757788903e-10,2.886350147368352953e-11
1.052015217616159118e-04,2.208227504308534274e-10,2.879216371062961669e-11
1.064209244064724582e-04,2.194566472287117629e-10,2.872314696244209969e-11
1.076544612842315928e-04,2.181060788995895554e-10,2.865644568723759621e-11
1.089022962263730567e-04,2.167708411526226092e-10,2.859205478848062006e-11
1.101645949633656949e-04,2.154507317663749326e-10,2.852996962010028454e-11
1.114415251466788068e-04,2.141455505802336812e-10,2.847018599189493902e-11
1.127332563710487184e-04,2.128550994866673677e-10,2.841270017523267443e-11
1.140399601970033122e-04,2.115791824243366627e-10,2.835750890905574330e-11
1.153618101736478507e-04,2.103176053720553811e-10,2.830460940619732131e-11
1.166989818617147353e-04,2.090701763435845438e-10,2.825399936001907270e-11
1.180516528568805612e-04,2.078367053832529217e-10,2.820567695137811772e-11
1.194200028133532475e-04,2.066170045623910081e-10,2.815964085593237844e-11
1.208042134677328878e-04,2.054108879765596275e-10,2.811589025179320459e-11
1.222044686631488684e-04,2.042181717435615490e-10,2.807442482753468557e-11
1.236209543736769146e-04,2.030386740022142085e-10,2.803524479056893170e-11
1.250538587290391272e-04,2.018722149118661698e-10,2.799835087589696009e-11
1.265033720395903835e-04,2.007186166526349908e-10,2.796374435524506930e-11
1.279696868215941666e-04,1.995777034263399474e-10,2.793142704659668712e-11
1.294529978227916035e-04,1.984493014581104084e-10,2.790140132412990838e-11
1.309535020482667609e-04,1.973332389986355599e-10,2.787367012857114023e-11
1.324713987866117508e-04,1.962293463270310002e-10,2.784823697797564691e-11
1.340068896363950598e-04,1.951374557542898661e-10,2.782510597894564715e-11
1.355601785329368979e-04,1.940574016272843449e-10,2.780428183829741887e-11
1.371314717753945468e-04,1.929890203332846401e-10,2.778576987518846812e-11
1.387209780541621008e-04,1.919321503049575717e-10,2.776957603371662717e-11
1.403289084785873094e-04,1.908866320258061420e-10,2.775570689600290466e-11
1.419554766050101563e-04,1.898523080360106715e-10,2.774416969577028215e-11
1.436008984651260766e-04,1.888290229386293964e-10,2.773497233243094577e-11
1.452653925946781202e-04,1.878166234061152039e-10,2.772812338569488383e-11
1.469491800624817218e-04,1.868149581871014868e-10,2.772363213071282061e-11
1.486524844997857086e-04,1.858238781134131187e-10,2.772150855376711203e-11
1.503755321299738291e-04,1.848432361072539818e-10,2.772176336852458130e-11
1.521185517986104894e-04,1.838728871885192437e-10,2.772440803286534366e-11
1.538817750038346259e-04,1.829126884821852076e-10,2.772945476630264204e-11
1.556654359271062154e-04,1.819624992257235651e-10,2.773691656800871203e-11
1.574697714643086743e-04,1.810221807764861803e-10,2.774680723546238941e-11
1.592950212572122977e-04,1.800915966190105938e-10,2.775914138373478734e-11
1.611414277253019891e-04,1.791706123721888095e-10,2.777393446542969352e-11
1.630092360979741085e-04,1.782590957962471478e-10,2.779120279129618079e-11
1.648986944471065013e-04,1.773569167994804782e-10,2.781096355153144827e-11
1.668100537200059119e-04,1.764639474446892611e-10,2.783323483779260151e-11
1.687435677727375780e-04,1.755800619552597649e-10,2.785803566593691710e-11
1.706994934038408014e-04,1.747051367208384477e-10,2.788538599951083485e-11
1.726780903884355897e-04,1.738390503025405837e-10,2.791530677400878386e-11
1.746796215127245720e-04,1.729816834376457805e-10,2.794781992192396603e-11
1.767043526088946592e-04,1.721329190437214482e-10,2.798294839861399337e-11
1.787525525904235457e-04,1.712926422221278996e-10,2.802071620900554482e-11
1.808244934877951721e-04,1.704607402608519613e-10,2.806114843516315878e-11
1.829204504846293803e-04,1.696371026366207556e-10,2.810427126474845955e-11
1.850407019542302061e-04,1.688216210162494109e-10,2.815011202039749947e-11
1.871855294965579319e-04,1.680141892571760146e-10,2.819869919004505151e-11
1.893552179756295359e-04,1.672147034071420627e-10,2.825006245822633208e-11
1.915500555573527931e-04,1.664230617029773579e-10,2.830423273838796830e-11
1.937703337477988843e-04,1.656391645684503478e-10,2.836124220624163276e-11
1.960163474319185771e-04,1.648629146111488265e-10,2.842112433419565948e-11
1.982883949127071325e-04,1.640942166183594126e-10,2.848391392690151838e-11
2.005867779508234102e-04,1.633329775519141876e-10,2.854964715795413888e-11
2.029118018046678087e-04,1.625791065419800433e-10,2.861836160778691487e-11
2.052637752709252192e-04,1.618325148797667481e-10,2.869009630280458231e-11
2.076430107255774669e-04,1.610931160091347351e-10,2.876489175579910239e-11
2.100498241653915262e-04,1.603608255170869706e-10,2.884279000769649447e-11
2.124845352498882828e-04,1.596355611231330144e-10,2.892383467068461149e-11
2.149474673437980470e-04,1.589172426675167145e-10,2.900807097277485241e-11
2.174389475600079977e-04,1.582057920983044087e-10,2.909554580385346203e-11
2.199593068030074913e-04,1.575011334573321861e-10,2.918630776328091563e-11
2.225088798128369288e-04,1.568031928650182044e-10,2.928040720910115530e-11
2.250880052095461704e-04,1.561118985040452864e-10,2.937789630892557945e-11
2.276970255381680010e-04,1.554271806019296388e-10,2.947882909255997305e-11
2.303362873142130959e-04,1.547489714124881553e-10,2.958326150644653695e-11
2.330061410696924790e-04,1.540772051962274118e-10,2.969125146999633517e-11
2.357069413996727572e-04,1.534118181996774637e-10,2.980285893389201537e-11
2.384390470093720473e-04,1.527527486336982842e-10,2.991814594044437986e-11
2.412028207618007131e-04,1.520999366507920100e-10,3.003717668609078590e-11
2.439986297259550470e-04,1.514533243214562775e-10,3.016001758612810963e-11
2.468268452255692339e-04,1.508128556096165703e-10,3.028673734177733835e-11
2.496878428884326717e-04,1.501784763471828163e-10,3.041740700968230984e-11
2.525820026962784779e-04,1.495501342077742794e-10,3.055210007394987996e-11
2.555097090352507149e-04,1.489277786796624304e-10,3.069089252084459695e-11
2.584713507469563534e-04,1.483113610379840885e-10,3.083386291625638237e-11
2.614673211801091831e-04,1.477008343162780595e-10,3.098109248606599379e-11
2.644980182427719858e-04,1.470961532774045152e-10,3.113266519953895719e-11
2.675638444552045064e-04,1.464972743839040104e-10,3.128866785588554614e-11
2.706652070033241072e-04,1.459041557678583299e-10,3.144919017413095681e-11
2.738025177927857720e-04,1.453167572003162391e-10,3.161432488644731142e-11
2.769761935036891046e-04,1.447350400603474160e-10,3.178416783510626999e-11
2.801866556459195316e-04,1.441589673037905855e-10,3.195881807321935381e-11
2.834343306151309184e-04,1.435885034317616424e-10,3.213837796944095518e-11
2.867196497493769728e-04,1.430236144589890477e-10,3.232295331681801650e-11
2.900430493863991868e-04,1.424642678820422094e-10,3.251265344597913762e-11
2.934049709215786890e-04,1.419104326475220968e-10,3.270759134286573196e-11
2.968058608665602493e-04,1.413620791202783506e-10,3.290788377121756467e-11
3.002461709085549389e-04,1.408191790517215446e-10,3.311365140003570808e-11
3.037263579703311511e-04,1.402817055482942404e-10,3.332501893625698695e-11
3.072468842709003239e-04,1.397496330401666985e-10,3.354211526288545057e-11
3.108082173869063645e-04,1.392229372502192862e-10,3.376507358283871293e-11
3.144108303147264728e-04,1.387015951633740579e-10,3.399403156877985584e-11
3.180552015332919840e-04,1.381855849963352480e-10,3.422913151921900560e-11
3.217418150676371437e-04,1.376748861677959050e-10,3.447052052118279485e-11
3.254711605531848163e-04,1.371694792691682350e-10,3.471835061976535970e-11
3.292437333007768767e-04,1.366693460358886029e-10,3.497277899488937260e-11
3.330600343624588820e-04,1.361744693193510356e-10,3.523396814562339597e-11
3.369205705980267201e-04,1.356848330595152138e-10,3.550208608241810080e-11
3.408258547423452110e-04,1.352004222582361781e-10,3.577730652764354642e-11
3.447764054734464112e-04,1.347212229533575756e-10,3.605980912482818060e-11
3.487727474814177595e-04,1.342472221936088738e-10,3.634977965702155134e-11
3.528154115380883050e-04,1.337784080143428087e-10,3.664741027472404096e-11
3.569049345675229896e-04,1.333147694141476286e-10,3.695289973384995856e-11
3.610418597173337151e-04,1.328562963323633687e-10,3.726645364421478673e-11
3.652267364308175480e-04,1.324029796275311855e-10,3.758828472906268522e-11
3.694601205199302477e-04,1.319548110567990149e-10,3.791861309617792221e-11
3.737425742391063937e-04,1.315117832563051393e-10,3.825766652115204153e-11
3.780746663599348950e-04,1.310738897225585845e-10,3.860568074340985769e-11
3.824569722466999088e-04,1.306411247948297114e-10,3.896289977562831939e-11
3.868900739327975780e-04,1.302134836385657870e-10,3.932957622721761141e-11
3.913745601980383993e-04,1.297909622298387487e-10,3.970597164256908480e-11
3.959110266468458469e-04,1.293735573408330180e-10,4.009235685481333412e-11
4.005000757873611187e-04,1.289612665263770359e-10,4.048901235587206540e-11
4.051423171114647368e-04,1.285540881115201727e-10,4.089622868363065121e-11
4.098383671757261184e-04,1.281520211801539032e-10,4.131430682710356358e-11
4.145888496832911426e-04,1.277550655646741419e-10,4.174355865051372473e-11
4.193943955667186118e-04,1.273632218366797786e-10,4.218430733725780944e-11
4.242556430717776958e-04,1.269764912987000447e-10,4.263688785478421804e-11
4.291732378422157359e-04,1.265948759769413287e-10,4.310164744146853465e-11
4.341478330055092592e-04,1.262183786150439782e-10,4.357894611663252971e-11
4.391800892596086085e-04,1.258470026688357527e-10,4.406915721491824193e-11
4.442706749606882793e-04,1.254807523020694901e-10,4.457266794629819689e-11
4.494202662119142376e-04,1.251196323831300499e-10,4.508987998307673580e-11
4.546295469532399291e-04,1.247636484826957953e-10,4.562121007531546084e-11
4.598992090522438817e-04,1.244128068723376084e-10,4.616709069620004024e-11
4.652299523960188752e-04,1.240671145240393317e-10,4.672797071895374318e-11
4.706224849841281286e-04,1.237265791106221122e-10,4.730431612699811647e-11
4.760775230226368536e-04,1.233912090070555339e-10,4.789661075916138783e-11
4.815957910192350034e-04,1.230610132926369806e-10,4.850535709184239081e-11
4.871780218794630342e-04,1.227360017540227617e-10,4.913107706015233887e-11
4.928249570040513054e-04,1.224161848890925706e-10,4.977431292017713703e-11
4.985373463873893265e-04,1.221015739116304479e-10,5.043562815463373067e-11
5.043159487171358559e-04,1.217921807568052672e-10,5.111560842433041106e-11
5.101615314749833501e-04,1.214880180874345854e-10,5.181486256798974758e-11
5.160748710385908026e-04,1.211890993010158851e-10,5.253402365314769328e-11
5.220567527846975506e-04,1.208954385375104993e-10,5.327375008101131024e-11
5.281079711934330654e-04,1.206070506878654587e-10,5.403472674833488832e-11
5.342293299538351933e-04,1.203239514032613446e-10,5.481766626956523161e-11
5.404216420705914865e-04,1.200461571050719579e-10,5.562331026270959835e-11
5.466857299720180412e-04,1.197736849955263147e-10,5.645243070259737338e-11
5.530224256192900478e-04,1.195065530690614677e-10,5.730583134543795630e-11
5.594325706169377133e-04,1.192447801243582944e-10,5.818434922882528919e-11
5.659170163246242521e-04,1.189883857770513340e-10,5.908885625160380967e-11
5.724766239702178735e-04,1.187373904731074514e-10,6.002026083829388562e-11
5.791122647641758691e-04,1.184918155028664786e-10,6.097950969307766510e-11
5.858248200152535966e-04,1.182516830157414807e-10,6.196758964866896613e-11
5.926151812475552710e-04,1.180170160355746661e-10,6.298552961573868623e-11
5.994842503189408769e-04,1.177878384766486564e-10,6.403440263893676079e-11
6.064329395408061141e-04,1.175641751603519525e-10,6.511532806594916652e-11
6.134621717992506636e-04,1.173460518325014928e-10,6.622947383645419885e-11
6.205728806776500623e-04,1.171334951813236464e-10,6.737805889829682698e-11
6.277660105806500508e-04,1.169265328560984252e-10,6.856235575868893604e-11
6.350425168595961881e-04,1.167251934864722379e-10,6.978369317876693578e-11
6.424033659394191159e-04,1.165295067024458051e-10,7.104345902039878535e-11
6.498495354469888087e-04,1.163395031550457902e-10,7.234310325473597620e-11
6.573820143409585173e-04,1.161552145376885358e-10,7.368414114265155256e-11
6.650018030431118507e-04,1.159766736082481948e-10,7.506815659789987359e-11
6.727099135712337041e-04,1.158039142118398702e-10,7.649680574457874898e-11
6.805073696735206446e-04,1.156369713043321199e-10,7.797182068127557540e-11
6.883952069645496224e-04,1.154758809766030205e-10,7.949501346513982104e-11
6.963744730628222430e-04,1.153206804795555954e-10,8.106828033004856698e-11
7.044462277299036847e-04,1.151714082499108439e-10,8.269360615402803685e-11
7.126115430111745839e-04,1.150281039367951230e-10,8.437306919216325494e-11
7.208715033782135597e-04,1.148908084291435552e-10,8.610884609238072623e-11
7.292272058728313045e-04,1.147595638839392383e-10,8.790321721272963505e-11
7.376797602527730442e-04,1.146344137553110935e-10,8.975857226012179252e-11
7.462302891391107279e-04,1.145154028245139156e-10,9.167741627193123991e-11
7.548799281653431614e-04,1.144025772308155040e-10,9.366237596340518509e-11
7.636298261282241416e-04,1.142959845033171114e-10,9.571620646551021094e-11
7.724811451403400600e-04,1.141956735937346763e-10,9.784179847964319753e-11
7.814350607844542133e-04,1.141016949101697509e-10,1.000421858775823160e-10
7.904927622696419996e-04,1.140141003519002011e-10,1.023205537771557450e-10
7.996554525892346716e-04,1.139329433452224202e-10,1.046802471263756599e-10
8.089243486805937659e-04,1.138582788803778347e-10,1.071247798312363955e-10
8.183006815867389754e-04,1.137901635495981206e-10,1.096578444650270805e-10
8.277856966198472461e-04,1.137286555863052661e-10,1.122833225998727023e-10
8.373806535266489033e-04,1.136738149055030859e-10,1.150052958043183132e-10
8.470868266557402123e-04,1.136257031454001348e-10,1.178280573541237021e-10
8.569055051268347108e-04,1.135843837103031590e-10,1.207561247070671021e-10
8.668379930019773794e-04,1.135499218148245871e-10,1.237942527964865947e-10
8.768856094587426870e-04,1.135223845294465596e-10,1.269474482025491950e-10
8.870496889654402514e-04,1.135018408274878954e-10,1.302209842648528567e-10
8.973315814583519715e-04,1.134883616335205361e-10,1.336204172049739871e-10
9.077326525210223113e-04,1.134820198732855025e-10,1.371516033330016283e-10
9.182542835656281937e-04,1.134828905251583526e-10,1.408207174179967799e-10
9.288978720164497516e-04,1.134910506732183115e-10,1.446342723087092909e-10
9.396648314954690433e-04,1.135065795619752898e-10,1.485991398978401478e-10
9.505565920101191743e-04,1.135295586528126564e-10,1.527225735306863776e-10
9.615746001432095213e-04,1.135600716822050503e-10,1.570122319672190182e-10
9.727203192450537298e-04,1.135982047217732046e-10,1.614762050155767619e-10
9.839952296278227113e-04,1.136440462402400338e-10,1.661230409646723131e-10
9.954008287621518049e-04,1.136976871673545691e-10,1.709617759541941380e-10
1.006938631476027041e-03,1.137592209598536931e-10,1.760019654318062740e-10
1.018610170155975336e-03,1.138287436695331847e-10,1.812537178599028577e-10
1.030416994950587558e-03,1.139063540135036067e-10,1.867277308479680290e-10
1.042360673976401152e-03,1.139921534467087383e-10,1.924353299015173389e-10
1.054442793526168438e-03,1.140862462367877865e-10,1.983885099948873053e-10
1.066664958279538774e-03,1.141887395413654878e-10,2.045999801929249995e-10
1.079028791516183647e-03,1.142997434878581319e-10,2.110832115660600449e-10
1.091535935331391146e-03,1.144193712558862638e-10,2.178524886644574268e-10
1.104188050854160164e-03,1.145477391623891783e-10,2.249229648401700516e-10
1.116986818467822530e-03,1.146849667495401695e-10,2.323107217315894428e-10
1.129933938033221693e-03,1.148311768755645645e-10,2.400328332522726362e-10
1.143031129114478739e-03,1.149864958085679707e-10,2.481074344566543519e-10
1.156280131207375458e-03,1.151510533234859534e-10,2.565537956884660512e-10
1.169682703970384603e-03,1.153249828022705361e-10,2.653924024542205176e-10
1.183240627458377906e-03,1.155084213374345758e-10,2.746450415041720147e-10
1.196955702359042868e-03,1.157015098390791247e-10,2.843348936471126368e-10
1.210829750232039325e-03,1.159043931455347818e-10,2.944866338736145487e-10
1.224864613750930708e-03,1.161172201377532242e-10,3.051265394153212943e-10
1.239062156947915577e-03,1.163401438575905580e-10,3.162826064261211466e-10
1.253424265461399551e-03,1.165733216301302566e-10,3.279846760350824092e-10
1.267952846786433866e-03,1.168169151902002813e-10,3.402645705914575684e-10
1.282649830528059809e-03,1.170710908132440007e-10,3.531562409996261595e-10
1.297517168657586796e-03,1.173360194507129198e-10,3.666959261272267096e-10
1.312556835771842671e-03,1.176118768701554553e-10,3.809223253638543975e-10
1.327770829355428986e-03,1.178988438001834138e-10,3.958767855114543865e-10
1.343161170046015297e-03,1.181971060805064512e-10,4.116035033020160156e-10
1.358729901902709127e-03,1.185068548172313806e-10,4.281497449645345966e-10
1.374479092677536717e-03,1.188282865436340564e-10,4.455660844027697826e-10
1.390410834090069709e-03,1.191616033866177624e-10,4.639066616995630411e-10
1.406527242105236331e-03,1.195070132390840553e-10,4.832294638340264643e-10
1.422830457214352027e-03,1.198647299384498173e-10,5.035966296866155723e-10
1.439322644719406375e-03,1.202349734515558828e-10,5.250747816160082940e-10
1.456005995020648574e-03,1.206179700662225003e-10,5.477353861231399730e-10
1.472882723907501879e-03,1.210139525897188603e-10,5.716551463742485586e-10
1.489955072852853580e-03,1.214231605544255808e-10,5.969164296393156092e-10
1.507225309310755452e-03,1.218458404309809003e-10,6.236077330180246103e-10
1.524695727017573053e-03,1.222822458492157867e-10,6.518241911759987279e-10
1.542368646296627451e-03,1.227326378271949487e-10,6.816681302037378190e-10
1.560246414366367983e-03,1.231972850086969785e-10,7.132496721438960910e-10
1.578331405652116590e-03,1.236764639094804435e-10,7.466873952145917545e-10
1.596626022101425152e-03,1.241704591726993978e-10,7.821090552931157200e-10
1.615132693503091351e-03,1.246795638338483758e-10,8.196523748223131152e-10
1.633853877809862123e-03,1.252040795956337085e-10,8.594659059684366825e-10
1.652792061464895606e-03,1.257443171131869241e-10,9.017099756029220986e-10
1.671949759731990040e-03,1.263005962900553547e-10,9.465577205104798985e-10
1.691329517029648791e-03,1.268732465854245126e-10,9.941962221532487979e-10
1.710933907269015109e-03,1.274626073330486906e-10,1.044827751357180156e-09
1.730765534195725843e-03,1.280690280723883958e-10,1.098671134446278972e-09
1.750827031735725098e-03,1.286928688924767233e-10,1.155963253648160367e-09
1.771121064345088569e-03,1.293345007890609447e-10,1.216960696048224777e-09
1.791650327363901278e-03,1.299943060355928315e-10,1.281941566999384114e-09
1.812417547374237711e-03,1.306726785686662317e-10,1.351207485722470088e-09
1.833425482562290546e-03,1.313700243885323902e-10,1.425085782884645258e-09
1.854676923084699371e-03,1.320867619753498736e-10,1.503931922248680226e-09
1.876174691439121654e-03,1.328233227218613968e-10,1.588132171077824945e-09
1.897921642839101508e-03,1.335801513832207148e-10,1.678106546897127902e-09
1.919920665593284788e-03,1.343577065447290608e-10,1.774312071495362393e-09
1.942174681489026522e-03,1.351564611082781175e-10,1.877246366751091048e-09
1.964686646180446600e-03,1.359769027983342011e-10,1.987451631038197096e-09
1.987459549580983600e-03,1.368195346883416310e-10,2.105519039673813990e-09
2.010496416260499231e-03,1.376848757484641017e-10,2.232093618188447460e-09
2.033800305846981960e-03,1.385734614156312392e-10,2.367879643207477141e-09
2.057374313432913573e-03,1.394858441869038178e-10,2.513646632530955933e-09
2.081221569986339229e-03,1.404225942372230207e-10,2.670235993693918332e-09
2.105345242766706263e-03,1.413843000626622996e-10,2.838568409008470388e-09
2.129748535745521181e-03,1.423715691503574629e-10,3.019652044975251501e-09
2.154434690031884272e-03,1.433850286763500256e-10,3.214591685171557384e-09
2.179406984302956034e-03,1.444253262326418741e-10,3.424598898466636277e-09
2.204668735239409625e-03,1.454931305848259121e-10,3.651003368900426563e-09
2.230223297965938743e-03,1.465891324617284675e-10,3.895265530042906762e-09
2.256074066496861676e-03,1.477140453785713842e-10,4.158990665417393157e-09
2.282224474186898746e-03,1.488686064952433033e-10,4.443944657958936323e-09
2.308677994187169520e-03,1.500535775113487906e-10,4.752071595874712770e-09
2.335438139906479207e-03,1.512697455997953956e-10,5.085513470126014451e-09
2.362508465477947562e-03,1.525179243807679839e-10,5.446632230577412233e-09
2.389892566231050126e-03,1.537989549380395701e-10,5.838034504259548510e-09
2.417594079169130793e-03,1.551137068796715312e-10,6.262599320861075718e-09
2.445616683452446396e-03,1.564630794452641073e-10,6.723509238310017486e-09
2.473964100886814031e-03,1.578480026620349854e-10,7.224285316061482411e-09
2.502640096417919208e-03,1.592694385521274798e-10,7.768826446564900946e-09
2.531648478631355528e-03,1.607283823936775164e-10,8.361453627606929832e-09
2.560993100258459210e-03,1.622258640383076472e-10,9.006959841289927572e-09
2.590677858688008716e-03,1.637629492878621890e-10,9.710666301029430810e-09
2.620706696483852353e-03,1.653407413333503771e-10,1.047848593814400521e-08
2.651083601908538895e-03,1.669603822592305056e-10,1.131699512670969982e-08
2.681812609453015830e-03,1.686230546163379617e-10,1.223351479209890454e-08
2.712897800372467225e-03,1.703299830669481905e-10,1.323620221822773888e-08
2.744343303228365376e-03,1.720824361056557272e-10,1.433415506475274816e-08
2.776153294436800850e-03,1.738817278599616445e-10,1.553752933269573025e-08
2.808331998823172457e-03,1.757292199746781006e-10,1.685767328040941624e-08
2.840883690183303948e-03,1.776263235844929699e-10,1.830727959750810802e-08
2.873812691851066348e-03,1.795745013792840119e-10,1.990055849953511180e-08
2.907123377272578368e-03,1.815752697670357777e-10,2.165343481915336877e-08
2.940820170587063812e-03,1.836302011394887299e-10,2.358377265046947374e-08
2.974907547214440586e-03,1.857409262459495935e-10,2.571163166347331114e-08
3.009390034449721096e-03,1.879091366810033672e-10,2.805955985936656704e-08
3.044272212064302961e-03,1.901365874922049342e-10,3.065292830118248304e-08
3.079558712914226386e-03,1.924250999141815786e-10,3.352031424700597028e-08
3.115254223555487950e-03,1.947765642359573076e-10,3.669394015835399893e-08
3.151363484866479339e-03,1.971929428087130800e-10,4.021017728124688180e-08
3.187891292677645996e-03,1.996762732016233512e-10,4.411012393474275772e-08
3.224842498408442022e-03,2.022286715138670574e-10,4.844027032995741869e-08
3.262222009711669788e-03,2.048523358513959173e-10,5.325326372800320717e-08
3.300034791125285374e-03,2.075495499775606663e-10,5.860879008292481486e-08
3.338285864731760887e-03,2.103226871472447768e-10,6.457459107135771445e-08
3.376980310825091272e-03,2.131742141347448414e-10,7.122763866294927996e-08
3.416123268585528460e-03,2.161066954662608791e-10,7.865549322875532954e-08
3.455719936762139538e-03,2.191227978685263768e-10,8.695787573178842382e-08
3.495775574363275268e-03,2.222252949458221217e-10,9.624848993021054013e-08
3.536295501355042614e-03,2.254170720983732799e-10,1.066571369122933720e-07
3.577285099367873231e-03,2.287011316959429116e-10,1.183321718693300725e-07
3.618749812411280273e-03,2.320805985212982799e-10,1.314433620345294676e-07
3.660695147596902850e-03,2.355587254991487178e-10,1.461852154577687332e-07
3.703126675869926592e-03,2.391388997271437466e-10,1.627808630925711054e-07
3.746050032748993088e-03,2.428246488265708667e-10,1.814865919597868641e-07
3.789470919074667144e-03,2.466196476315198083e-10,2.025971454274293895e-07
3.833395101766601080e-03,2.505277252364879499e-10,2.264519285209890269e-07
3.877828414589457214e-03,2.545528724236832211e-10,2.534422823979857271e-07
3.922776758927719494e-03,2.586992494926660023e-10,2.840200235907867952e-07
3.968246104569481472e-03,2.629711945164414027e-10,3.187074814466929304e-07
4.014242490499322046e-03,2.673732320496960625e-10,3.581093127211626478e-07
4.060772025700365266e-03,2.719100823165587925e-10,4.029264271546560713e-07
4.107840889965646940e-03,2.765866709070845295e-10,4.539724241001856671e-07
4.155455334718875619e-03,2.814081390135910484e-10,5.121930203353963860e-07
4.203621683844713762e-03,2.863798542400673854e-10,5.786890461194333754e-07
4.252346334528682263e-03,2.915074220200970071e-10,6.547437040643071529e-07
4.301635758106795056e-03,2.967966976811371692e-10,7.418549280669918605e-07
4.351496500925049540e-03,3.022537991955565012e-10,8.417738530432584494e-07
4.401935185208874328e-03,3.078851206615957880e-10,9.565506174960201519e-07
4.452958509942655727e-03,3.136973465603686133e-10,1.088588978670321632e-06
4.504573251759458330e-03,3.196974668382019826e-10,1.240711534885256742e-06
4.556786265841063742e-03,3.258927928670296843e-10,1.416237734854388337e-06
4.609604486828434121e-03,3.322909743392185010e-10,1.619077325894191401e-06
4.663034929742731517e-03,3.389000171571605335e-10,1.853842472392594745e-06
4.717084690917017036e-03,3.457283023822019235e-10,2.125982488347405119e-06
4.771760948938746048e-03,3.527846063120517456e-10,2.441946005134440420e-06
4.827070965603183494e-03,3.600781217607276685e-10,2.809376477891229703e-06
4.883022086877879774e-03,3.676184806203904428e-10,3.237348271082810377e-06
4.939621743878320863e-03,3.754157777901213890e-10,3.736652218810076308e-06
4.996877453854883626e-03,3.834805965628409971e-10,4.320141607268823049e-06
5.054796821191240297e-03,3.918240355681949964e-10,5.003152075029002111e-06
5.113387538414325764e-03,4.004577373763712225e-10,5.804012097104754239e-06
5.172657387216019441e-03,4.093939188755253072e-10,6.744664669935482286e-06
5.232614239486662287e-03,4.186454035438036944e-10,7.851425747501853707e-06
5.293266058360561639e-03,4.282256557459379409e-10,9.155911149006010943e-06
5.354620899273607876e-03,4.381488171940794897e-10,1.069617139014751413e-05
5.416686911033152113e-03,4.484297457230253620e-10,1.251808359598856828e-05
5.479472336900287170e-03,4.590840565413172243e-10,1.467706186057834624e-05
5.542985515684668851e-03,4.701281661319356670e-10,1.724016280033786817e-05
5.607234882852032802e-03,4.815793389895780597e-10,2.028868246716122029e-05
5.672228971644543115e-03,4.934557373958372357e-10,2.392136534995780684e-05
5.737976414214134013e-03,5.057764744491348298e-10,2.825837732281530568e-05
5.804485942768978189e-03,5.185616705830764198e-10,3.344623392709642113e-05
5.871766390733255264e-03,5.318325138251253371e-10,3.966392566968954378e-05
5.939826693920356553e-03,5.456113240672446191e-10,4.713054614068405251e-05
6.008675891719686586e-03,5.599216216415837098e-10,5.611481066748098427e-05
6.078323128297229670e-03,5.747882005175382500e-10,6.694695808037357367e-05
6.148777653810022850e-03,5.902372064617357576e-10,8.003366267167341891e-05
6.220048825634711363e-03,6.062962205299089401e-10,9.587675633104059071e-05
6.292146109610343568e-03,6.229943482893826117e-10,1.150967835630679561e-04
6.365079081295571019e-03,6.403623152032590833e-10,1.384626996097823549e-04
6.438857427240419345e-03,6.584325686425562301e-10,1.669293938622038787e-04
6.513490946272802555e-03,6.772393870308443958e-10,2.016852030047491643e-04
6.588989550799949878e-03,6.968189966675569778e-10,2.442122049820962914e-04
6.665363268124913435e-03,7.172096968215158501e-10,2.963629009567612287e-04
6.742622241778342337e-03,7.384519937356181037e-10,3.604579576008430848e-04
6.820776732865685421e-03,7.605887442374635005e-10,4.394110755424583681e-04
6.899837121430018629e-03,7.836653097094137647e-10,5.368888769583967562e-04
6.979813907830660115e-03,8.077297212356245682e-10,6.575161067348535109e-04
7.060717714137772563e-03,8.328328568134706647e-10,8.071396052301522484e-04
7.142559285543126184e-03,8.590286315931210922e-10,9.931686883045110457e-04
7.225349491787214085e-03,8.863742021923763551e-10,1.225015100239671252e-03
7.309099328602909965e-03,9.149301862250283900e-10,1.514663043038481276e-03
7.393819919175866756e-03,9.447608982806329565e-10,1.877409546401640535e-03
7.479522515621821015e-03,9.759346037026061894e-10,2.332828458786575035e-03
7.566218500481054592e-03,1.008523791630911974e-09,2.906028740700854120e-03
7.653919388230148030e-03,1.042605468906266292e-09,3.629301062963198599e-03
7.742636826811269413e-03,1.078261476576001177e-09,4.544278050102910221e-03
7.832382599179196422e-03,1.115578830898728786e-09,5.704775726972670033e-03
7.923168624866253756e-03,1.154650090917105202e-09,7.180540752254081088e-03
8.015006961565405291e-03,1.195573754856984521e-09,9.062205254264404930e-03
8.107909806731686611e-03,1.238454687818736517e-09,1.146785596307551593e-02
8.201889499202202546e-03,1.283404583454416114e-09,1.455176714215026396e-02
8.296958520834906564e-03,1.330542462575056919e-09,1.851604181460397500e-02
8.393129498166364971e-03,1.379995211907853985e-09,2.362617276074283068e-02
8.490415204088747059e-03,1.431898166526245405e-09,3.023190133907938809e-02
8.588828559546249353e-03,1.486395739809668432e-09,3.879525693353261945e-02
8.688382635251184691e-03,1.543642105157520030e-09,4.992835683258953910e-02
8.789090653419954699e-03,1.603801934087128253e-09,6.444451162117301179e-02
8.890965989529158939e-03,1.667051195792558964e-09,8.342752189115465455e-02
8.994022174092043687e-03,1.733578023734232630e-09,1.083259198102346915e-01
9.098272894455557494e-03,1.803583655373968910e-09,1.410815187910385016e-01
9.203731996618221695e-03,1.877283451771584524e-09,1.843052919834341219e-01
9.310413487069076066e-03,1.954908004424206533e-09,2.415187419698366089e-01
9.418331534647951184e-03,2.036704337464933069e-09,3.174861745550736081e-01
9.527500472427289507e-03,2.122937214151403075e-09,4.186735459157160388e-01
9.637934799615785822e-03,2.213890557476210436e-09,5.538841067531675710e-01
9.749649183484086420e-03,2.309868995729730647e-09,7.351417868010974299e-01
9.862658461312821118e-03,2.411199544953282128e-09,9.789228553595515914e-01
9.976977642363202281e-03,2.518233441448777808e-09,1.307878796442443647e+00
1.009262190987048405e-02,2.631348138874746512e-09,1.753254297759575975e+00
1.020960662306047602e-02,2.750949485973064231e-09,2.358292186668371926e+00
1.032794731918952429e-02,2.877474102654455316e-09,3.183044418196447456e+00
1.044765971560805175e-02,3.011391974042861133e-09,4.311193059805740191e+00
1.056875971184804974e-02,3.153209284162700209e-09,5.859754594035280206e+00
1.069126339173477255e-02,3.303471513273567971e-09,7.992934812502170416e+00
1.081518702552289150e-02,3.462766825442637836e-09,1.094197975611071350e+01
1.094054707205743479e-02,3.631729775828718507e-09,1.503371976115341546e+01
1.106736018095974550e-02,3.811045370369345490e-09,2.073176254767965077e+01
1.119564319483879432e-02,4.001453514155071519e-09,2.869615902891490578e+01
1.132541315152812630e-02,4.203753888789519034e-09,3.987014688131797868e+01
1.145668728634872610e-02,4.418811303522160656e-09,5.560673431974327485e+01
1.158948303439811742e-02,4.647561569963308946e-09,7.785412430484333868e+01
1.172381803286599682e-02,4.891017955813956911e-09,1.094283744704421650e+02
1.185971012337670542e-02,5.150278279344099865e-09,1.544158933152576481e+02
1.199717735435885599e-02,5.426532713418129650e-09,2.187699356323224720e+02
1.213623798344241715e-02,5.721072375793495239e-09,3.111981199214776552e+02
1.227691047988360359e-02,6.035298791320580841e-09,4.444882674979305648e+02
1.241921352701784616e-02,6.370734321674988415e-09,6.374971009883031456e+02
1.256316602474121490e-02,6.729033669502451572e-09,9.181454832740632810e+02
1.270878709202059517e-02,7.111996576516388731e-09,1.327948424564187462e+03
1.285609606943296547e-02,7.521581849345828518e-09,1.928895136837953714e+03
1.300511252173409786e-02,7.959922863001437130e-09,2.813942800729524606e+03
1.315585624045705233e-02,8.429344709953793135e-09,4.123091110682885301e+03
1.330834724654075991e-02,8.932383183279637355e-09,6.068112904227526997e+03
1.346260579298911089e-02,9.471805805447854212e-09,8.970769925208187487e+03
1.361865236756082745e-02,1.005063514045213093e-08,1.332213031327337922e+04
1.377650769549054917e-02,1.067217465656960719e-08,1.987505504257879511e+04
1.393619274224143501e-02,1.134003744051311071e-08,2.978905872855875350e+04
1.409772871628967722e-02,1.205817810169860219e-08,4.485825145895797323e+04
1.426113707194129852e-02,1.283092824839913454e-08,6.787168542433550465e+04
1.442643951218158804e-02,1.366303596642788839e-08,1.031857072789133090e+05
1.459365799155757683e-02,1.455970978651742865e-08,1.576373909904249012e+05
1.476281471909391199e-02,1.552666768970080624e-08,2.420093560810775671e+05
1.493393216124253367e-02,1.657019177185761197e-08,3.733902943992214277e+05
1.510703304486655726e-02,1.769718927043688126e-08,5.789977262536146445e+05
1.528214036025870616e-02,1.891526074968227715e-08,9.023997340243583312e+05
1.545927736419478588e-02,2.023277634715909180e-08,1.413692397661634255e+06
1.563846758302247716e-02,2.165896110598338591e-08,2.226233137123768218e+06
1.581973481578601362e-02,2.320399055615222528e-08,3.524295478898950852e+06
1.600310313738701612e-02,2.487909786740422045e-08,5.609012771653639153e+06
1.618859690178199237e-02,2.669669407815236424e-08,8.975110311045268551e+06
1.637624074521688844e-02,2.867050311377126468e-08,1.443974506792040169e+07
1.656605958949915192e-02,3.081571354699962398e-08,2.336001138158897310e+07
1.675807864530768840e-02,3.314914932822206331e-08,3.800214531470153481e+07
1.695232341554121433e-02,3.568946202949487623e-08,6.217170634074221551e+07
1.714881969870540868e-02,3.845734750985544816e-08,1.022952485391033590e+08
1.734759359233932485e-02,4.147579032828230234e-08,1.692874883668949008e+08
1.754867149648152089e-02,4.477033971347596395e-08,2.817928971182925701e+08
1.775208011717635884e-02,4.836942145673246673e-08,4.718461281532267928e+08
1.795784647002096959e-02,5.230469073765661307e-08,7.948142698669859171e+08
1.816599788375328553e-02,5.661143163644043117e-08,1.346963725132561684e+09
1.837656200388172387e-02,6.132900994749334345e-08,2.296685639817724228e+09
1.858956679635688156e-02,6.650138690678310631e-08,3.940337300238962173e+09
1.880504055128583499e-02,7.217770260218452512e-08,6.802719604922587395e+09
1.902301188668945736e-02,7.841293917928012745e-08,1.181899540762327576e+10
1.924350975230332272e-02,8.526867551603254189e-08,2.066613403694827271e+10
1.946656343342263382e-02,9.281394685580663609e-08,3.637063098039560699e+10
1.969220255479173579e-02,1.011262250033156813e-07,6.442997307479791260e+10
1.992045708453871189e-02,1.102925371541084548e-07,1.148956450055664825e+11
2.015135733815558508e-02,1.204107443065862518e-07,2.062676181457945251e+11
2.038493398252464242e-02,1.315910035688996349e-07,3.728242560790860596e+11
2.062121803999144437e-02,1.439574426075355314e-07,6.785112135246732178e+11
2.086024089248504979e-02,1.576500790921235226e-07,1.243438187718132568e+12
2.110203428568596662e-02,1.728270233933431951e-07,2.294777661878190430e+12
2.134663033324245285e-02,1.896670091321071030e-07,4.265221713999304199e+12
2.159406152103567761e-02,2.083723036303057458e-07,7.984779881478333008e+12
2.184436071149428379e-02,2.291720590811506909e-07,1.505708119479340234e+13
2.209756114795903212e-02,2.523261755851398149e-07,2.860300953812668359e+13
2.235369645909796379e-02,2.781297593779737246e-07,5.474100616135237500e+13
2.261280066337279654e-02,3.069182739591522435e-07,1.055556214641268750e+14
2.287490817355703962e-02,3.390734988331901142e-07,2.050951448297735625e+14
2.314005380130654266e-02,3.750304307019463829e-07,4.015809721248610000e+14
2.340827276178294308e-02,4.152852857997849242e-07,7.924527304351613750e+14
2.367960067833078594e-02,4.604047903689951117e-07,1.576141864525964750e+15
2.395407358720879482e-02,5.110369799047773557e-07,3.159938305728667000e+15
2.423172794237600514e-02,5.679237678109203583e-07,6.386506873667882000e+15
2.451260062033339820e-02,6.319155917710330789e-07,1.301338359827786200e+16
2.479672892502160150e-02,7.039885029937680232e-07,2.673623215298668000e+16
2.508415059277541159e-02,7.852641313957043935e-07,5.539044213614646400e+16
2.537490379733571555e-02,8.770330409992670310e-07,1.157273824198797120e+17
2.566902715491951870e-02,9.807820870850142868e-07,2.438633859234216320e+17
2.596655972934872394e-02,1.098226503278331666e-06,5.183334461643960320e+17
2.626754103723838440e-02,1.231347586824127485e-06,1.111392656899697792e+18
2.657201105324506762e-02,1.382437018751946212e-06,2.404171612561358848e+18
2.688001021537607393e-02,1.554149058491753184e-06,5.247441003980246016e+18
2.719157943036018890e-02,1.749562097143756514e-06,1.155736538985126093e+19
2.750676007908067419e-02,1.972251349066207237e-06,2.568886084743087309e+19
2.782559402207126012e-02,2.226374818797121006e-06,5.763040123104860570e+19
2.814812360507581296e-02,2.516775113169454892e-06,1.305046061230565130e+20
2.847439166467247845e-02,2.849100193539764679e-06,2.983421279419934310e+20
2.880444153396297807e-02,3.229946800930085084e-06,6.885976935982244823e+20
2.913831704832789068e-02,3.667031062997122549e-06,1.604822583848707555e+21
2.947606255124858229e-02,4.169391737493802674e-06,3.777006897882958660e+21
2.981772290019673102e-02,4.747632701137441273e-06,8.977950065304994316e+21
3.016334347259197468e-02,5.414212703711792912e-06,2.155585195477070512e+22
3.051297017182871135e-02,6.183792134605695935e-06,5.228321904002277258e+22
3.086664943337274689e-02,7.073648667183740886e-06,1.281208090122494285e+23
3.122442823092858033e-02,8.104176248006871635e-06,3.172407379190797608e+23
3.158635408267818773e-02,9.299485098511546503e-06,7.938207636248466471e+23
3.195247505759213347e-02,1.068812434069980675e-05,2.007581040994420802e+24
3.232283978181380718e-02,1.230395372642319155e-05,5.132091171164944987e+24
3.269749744511767781e-02,1.418719696858657741e-05,1.326295891315449821e+25
3.307649780744242179e-02,1.638571662670267444e-05,3.465501051685159042e+25
3.345989120549974771e-02,1.895655974686275832e-05,9.156438767898043303e+25
3.384772855945983316e-02,2.196783494880057415e-05,2.446685500057561496e+26
3.424006137971425529e-02,2.550099596036478495e-05,6.612678146556542535e+26
3.463694177371734462e-02,2.965362444347248766e-05,1.807930184097265794e+27
3.503842245290676033e-02,3.454282724929964968e-05,5.000909245699205045e+27
3.544455673970435539e-02,4.030939114424868708e-05,1.399709868624225792e+28
3.585539857459817126e-02,4.712287303775484891e-05,3.964680330712973575e+28
3.627100252330648505e-02,5.518784769872082122e-05,1.136630963811347453e+29
3.669142378402494298e-02,6.475159027010557065e-05,3.298623093979219242e+29
3.711671819475766826e-02,7.611354065199923882e-05,9.691907673641689090e+29
3.754694224073337055e-02,8.963698495834006156e-05,2.883442992674283054e+30
3.798215306190736579e-02,1.057635008155673179e-04,8.687641411679732604e+30
3.842240846055060971e-02,1.250308547661814062e-04,2.651211878456415487e+31
3.886776690892667502e-02,1.480952198504492852e-04,8.196026879534834967e+31
3.931828755705769896e-02,1.757588103961871479e-04,2.567105980266259463e+32
3.977403024058037001e-02,2.090043231695468346e-04,8.147634994605242391e+32
4.023505548869293208e-02,2.490379475143985602e-04,2.620796447081015283e+33
4.070142453219438572e-02,2.973431855717122282e-04,8.545084627333819134e+33
4.117319931161678853e-02,3.557483379117428813e-04,2.824548047358034991e+34
4.165044248545184818e-02,4.265113001190449279e-04,9.466731261310983610e+34
4.213321743847289053e-02,5.124263346130499041e-04,3.217654244476547864e+35
4.262158829015325057e-02,6.169587981803740335e-04,1.109270630867006703e+36
4.311561990318228677e-02,7.444155098794454214e-04,3.879411562738028683e+36
4.361537789208005944e-02,9.001606553683922599e-04,1.376564651733128325e+37
4.412092863191190151e-02,1.090889999624469406e-03,4.956816467663896776e+37
4.463233926710397093e-02,1.324979928545487462e-03,1.811583813188499292e+38
4.514967772036102001e-02,1.612932736888137613e-03,6.721065788941952515e+38
4.567301270168747096e-02,1.967945991912432857e-03,2.531731269597531733e+39
4.620241371751312998e-02,2.406642217083968926e-03,9.684413118410101869e+39
4.673795107992463616e-02,2.950006209845970270e-03,3.762553090553583735e+40
4.727969591600390820e-02,3.624591903752235732e-03,1.484991184946060580e+41
4.782772017727485170e-02,4.464079977723582789e-03,5.954923871219893894e+41
4.838209664925956915e-02,5.511292976486091739e-03,2.426720496679051107e+42
4.894289896114531468e-02,6.820808656151914305e-03,1.005160804266121326e+43
4.951020159556351191e-02,8.462357471827452321e-03,4.232583644958298665e+43
5.008407989848212560e-02,1.052525046041621545e-02,1.812227417142213632e+44
5.066461008921268466e-02,1.312416451136736405e-02,7.891160432431082874e+44
5.125186927053333036e-02,1.640672033655890885e-02,3.495223386496020321e+45
5.184593543892913187e-02,2.056343414340142117e-02,1.575073166801344067e+46
5.244688749495118874e-02,2.584082049000483924e-02,7.222791799818850123e+46
5.305480525369574152e-02,3.255868945747990989e-02,3.371132883990275161e+47
5.366976945540476163e-02,4.113304143047461642e-02,1.601776515929874578e+48
5.429186177618942899e-02,5.210645236595042029e-02,7.749490297722421732e+48
5.492116483887789224e-02,6.618850978309734345e-02,3.818391517558314625e+49
5.555776222398877556e-02,8.430977187701760300e-02,1.916531066474613190e+50
5.620173848083188234e-02,1.076939724325941955e-01,9.801045693809956210e+50
5.685317913873753209e-02,1.379549127456589641e-01,5.107921815982766909e+51
5.751217071841613349e-02,1.772268506529580678e-01,2.713479652308143445e+52
5.817880074344935343e-02,2.283404715665250384e-01,1.469656115744674260e+53
5.885315775191450605e-02,2.950610667239192964e-01,8.117254387346465016e+53
5.953533130814370189e-02,3.824118573031466406e-01,4.573044571136706336e+54
6.022541201461927007e-02,4.971142082185530109e-01,2.628477573016847360e+55
6.092349152400711176e-02,6.481887927171933184e-01,1.541723718185410159e+56
6.162966255132941440e-02,8.477790517078198640e-01,9.230267971046481420e+56
6.234401888627863486e-02,1.112282616520874123e+00,5.641969936737617687e+57
6.306665540567406303e-02,1.463910706403432016e+00,3.521764805252317474e+58
6.379766808606282535e-02,1.932844150887870871e+00,2.245477381395400030e+59
6.453715401646702154e-02,2.560223792836735957e+00,1.462792182181090921e+60
6.528521141127847927e-02,3.402311528837397958e+00,9.738459908094091779e+60
6.604193962330305590e-02,4.536299100489189939e+00,6.627366407195561627e+61
6.680743915695615265e-02,6.068443839402999807e+00,4.611533304551516571e+62
6.758181168161110641e-02,8.145501474103824080e+00,3.281823945755510831e+63
6.836516004510238831e-02,1.097084627173937754e+01,2.389263045492716442e+64
6.915758828738524655e-02,1.482727771150420715e+01,1.779942260958877418e+65
6.995920165435375038e-02,2.010939840761484732e+01,1.357240962254833233e+66
7.077010661181890039e-02,2.736974024058038779e+01,1.059581270821446015e+67
7.159041085964888695e-02,3.738470806003859792e+01,8.471423483111642415e+67
7.242022334607314815e-02,5.124919149172506394e+01,6.938142643465222831e+68
7.325965428215229502e-02,7.051279743294387004e+01,5.822588073317963847e+69
7.410881515641569439e-02,9.737672811295753661e+01,5.008384032901378133e+70
7.496781874966876313e-02,1.349793515294584836e+02,4.416843566038840065e+71
7.583677914997190295e-02,1.878119653435148280e+02,3.994705962255059808e+72
7.671581176779301847e-02,2.623263949827166925e+02,3.706321100717429561e+73
7.760503335133571434e-02,3.678263284770657719e+02,3.528703622952767582e+74
7.850456200204508628e-02,5.177799367987161077e+02,3.448507883714868877e+75
7.941451719029339607e-02,7.317604483816359107e+02,3.460370890981790901e+76
8.033501977124735127e-02,1.038326423482770906e+03,3.566337797260335696e+77
8.126619200091945994e-02,1.479313849445384676e+03,3.776289287182573779e+78
8.220815755240540312e-02,2.116257938972835291e+03,4.109482206774887194e+79
8.316104153230961804e-02,3.040040654045494648e+03,4.597542065071854037e+80
8.412497049736118726e-02,4.385444200531354909e+03,5.289569959960258845e+81
8.510007247122246266e-02,6.353197114177361982e+03,6.260542505239681595e+82
8.608647696149245021e-02,9.243511652857598165e+03,7.625056319661417907e+83
8.708431497690724554e-02,1.350732056348106562e+04,9.559998295722254619e+84
8.809371904473990711e-02,1.982489292477045092e+04,1.234247068651040836e+86
8.911482322840201531e-02,2.922698763133413013e+04,1.641434185117940866e+87
9.014776314524917955e-02,4.328238782576546510e+04,2.249423267636348582e+88
9.119267598459297741e-02,6.438948743049309996e+04,3.177578011876688566e+89
9.224970052592174063e-02,9.623171686627643066e+04,4.628617887837661960e+90
9.331897715733239451e-02,1.444921280126284692e+05,6.954902031724812067e+91
9.440064789417602908e-02,2.179798113804217428e+05,1.078379405060124705e+93
9.549485639791965852e-02,3.304138221272237133e+05,1.726041157441559904e+94
9.660174799522645850e-02,5.032618178781289025e+05,2.852920363802078095e+95
9.772146969725724330e-02,7.702786634460337227e+05,4.871345016335087595e+96
9.885417021919573610e-02,1.184798283819441916e+06,8.595923563777459228e+97
1.000000000000000056e-01,1.831506493160758866e+06,1.568144888229833332e+99
