m_a_eV,squid_GeVinv
9.999999999999999547e-07,1.855199763509427601e-12
1.011591112223829652e-06,1.834088563340929957e-12
1.023316578330244814e-06,1.813219266679854304e-12
1.035177955630176236e-06,1.792589101782417936e-12
1.047176819485520330e-06,1.772195328664447867e-12
1.059314763518370023e-06,1.752035238738416960e-12
1.071593399822671139e-06,1.732106154452882043e-12
1.084014359178330942e-06,1.712405428937287380e-12
1.096579291267809966e-06,1.692930445650827717e-12
1.109289864895222755e-06,1.673678618034194131e-12
1.122147768207980129e-06,1.654647389166139793e-12
1.135154708920999016e-06,1.635834231424535843e-12
1.148312414543511196e-06,1.617236646149914666e-12
1.161622632608501865e-06,1.598852163314116404e-12
1.175087130904807464e-06,1.580678341191785566e-12
1.188707697711903258e-06,1.562712766036406834e-12
1.202486142037412225e-06,1.544953051760055095e-12
1.216424293857368064e-06,1.527396839615579168e-12
1.230524004359261563e-06,1.510041797883748800e-12
1.244787146187906095e-06,1.492885621564171850e-12
1.259215613694150849e-06,1.475926032068280226e-12
1.273811323186478410e-06,1.459160776917038586e-12
1.288576213185518045e-06,1.442587629441753152e-12
1.303512244681508989e-06,1.426204388488662818e-12
1.318621401394748467e-06,1.410008878126069948e-12
1.333905690039058748e-06,1.393998947355535406e-12
1.349367140588306489e-06,1.378172469826306960e-12
1.365007806546013744e-06,1.362527343553073189e-12
1.380829765218092407e-06,1.347061490636097336e-12
1.396835117988739787e-06,1.331772856986163807e-12
1.413025990599533632e-06,1.316659412050880136e-12
1.429404533431761129e-06,1.301719148545779875e-12
1.445972921792019565e-06,1.286950082187163252e-12
1.462733356201129952e-06,1.272350251428738089e-12
1.479688062686396214e-06,1.257917717201158881e-12
1.496839293077255471e-06,1.243650562654473130e-12
1.514189325304352035e-06,1.229546892903403232e-12
1.531740463702079791e-06,1.215604834775854082e-12
1.549495039314631713e-06,1.201822536564153253e-12
1.567455410205595074e-06,1.188198167778705056e-12
1.585623961771137209e-06,1.174729918905459405e-12
1.604003107056819987e-06,1.161416001165164900e-12
1.622595287078087214e-06,1.148254646276092798e-12
1.641402971144466496e-06,1.135244106218788134e-12
1.660428657187529599e-06,1.122382653004363832e-12
1.679674872092653225e-06,1.109668578444514408e-12
1.699144172034625966e-06,1.097100193925270354e-12
1.718839142817145670e-06,1.084675830182002590e-12
1.738762400216250434e-06,1.072393837078245558e-12
1.758916590327732554e-06,1.060252583386380660e-12
1.779304389918577576e-06,1.048250456570886667e-12
1.799928506782476310e-06,1.036385862574281086e-12
1.820791680099462520e-06,1.024657225605400900e-12
1.841896680799710828e-06,1.013062987930066099e-12
1.863246311931559606e-06,1.001601609664264528e-12
1.884843409033795304e-06,9.902715685694557921e-13
1.906690840512251975e-06,9.790713598505879219e-13
1.928791508020777896e-06,9.679994959562310738e-13
1.951148346846616293e-06,9.570545063808496559e-13
1.973764326300255428e-06,9.462349374696024461e-13
1.996642450109793374e-06,9.355393522253308203e-13
2.019785756819878467e-06,9.249663301175678788e-13
2.043197320195270527e-06,9.145144668939109740e-13
2.066880249629081940e-06,9.041823743936624223e-13
2.090837690555749843e-06,8.939686803632360519e-13
2.115072824868794891e-06,8.838720282740989102e-13
2.139588871343421664e-06,8.738910771423694530e-13
2.164389086064020431e-06,8.640245013509555371e-13
2.189476762856620668e-06,8.542709904734174568e-13
2.214855233726359433e-06,8.446292490997674627e-13
2.240527869300017970e-06,8.350979966647405240e-13
2.266498079273693014e-06,8.256759672773032349e-13
2.292769312865648563e-06,8.163619095529301228e-13
2.319345059274427713e-06,8.071545864470870000e-13
2.346228848142262270e-06,7.980527750911240659e-13
2.373424250023866098e-06,7.890552666297468315e-13
2.400934876860651595e-06,7.801608660605376280e-13
2.428764382460450616e-06,7.713683920751886281e-13
2.456916462982790237e-06,7.626766769026905351e-13
2.485394857429798321e-06,7.540845661540648652e-13
2.514203348142796490e-06,7.455909186692204231e-13
2.543345761304648260e-06,7.371946063652559311e-13
2.572825967447932223e-06,7.288945140867643697e-13
2.602647881969004651e-06,7.206895394575714552e-13
2.632815465648020122e-06,7.125785927344954187e-13
2.663332725174980912e-06,7.045605966624089483e-13
2.694203713681882057e-06,6.966344863313059735e-13
2.725432531281027893e-06,6.887992090348429771e-13
2.757023325609582764e-06,6.810537241304853910e-13
2.788980292380439744e-06,6.733970029013384454e-13
2.821307675939470909e-06,6.658280284194610246e-13
2.854009769829237506e-06,6.583457954108102573e-13
2.887090917359234552e-06,6.509493101217937155e-13
2.920555512182745261e-06,6.436375901871866854e-13
2.954407998880379827e-06,6.364096644997337872e-13
2.988652873550382432e-06,6.292645730810962793e-13
3.023294684405776334e-06,6.222013669544088903e-13
3.058338032378431778e-06,6.152191080182506940e-13
3.093787571730136731e-06,6.083168689219503585e-13
3.129648010670750519e-06,6.014937329425081938e-13
3.165924111983520818e-06,5.947487938628868039e-13
3.202620693657649979e-06,5.880811558514508255e-13
3.239742629528195378e-06,5.814899333432010781e-13
3.277294849923382168e-06,5.749742509220565248e-13
3.315282342319423268e-06,5.685332432045246270e-13
3.353710152002928776e-06,5.621660547249124655e-13
3.392583382740992040e-06,5.558718398215722398e-13
3.431907197459042598e-06,5.496497625246264449e-13
3.471686818926559579e-06,5.434989964449600713e-13
3.511927530450727740e-06,5.374187246644214661e-13
3.552634676578139464e-06,5.314081396273313154e-13
3.593813663804625307e-06,5.254664430332585495e-13
3.635469961293317292e-06,5.195928457309367517e-13
3.677609101601030474e-06,5.137865676134584965e-13
3.720236681413065301e-06,5.080468375146929906e-13
3.763358362286532808e-06,5.023728931068455293e-13
3.806979871402283974e-06,4.967639807991709876e-13
3.851107002325569028e-06,4.912193556379629185e-13
3.895745615775500812e-06,4.857382812074985732e-13
3.940901640403447568e-06,4.803200295323132471e-13
3.986581073580438997e-06,4.749638809804734630e-13
4.032789982193705460e-06,4.696691241679946958e-13
4.079534503452448557e-06,4.644350558643608272e-13
4.126820845702951947e-06,4.592609808991400794e-13
4.174655289253134888e-06,4.541462120695815596e-13
4.223044187206672164e-06,4.490900700494315217e-13
4.271993966306776970e-06,4.440918832986300226e-13
4.321511127789761941e-06,4.391509879741399537e-13
4.371602248248501995e-06,4.342667278418001022e-13
4.422273980505897255e-06,4.294384541891026807e-13
4.473533054498463085e-06,4.246655257390787471e-13
4.525386278170166693e-06,4.199473085650955722e-13
4.577840538376616169e-06,4.152831760066607197e-13
4.630902801799736631e-06,4.106725085862026990e-13
4.684580115873045307e-06,4.061146939267402914e-13
4.738879609717650886e-06,4.016091266705952424e-13
4.793808495089106764e-06,3.971552083989655071e-13
4.849374067335233355e-06,3.927523475524208443e-13
4.905583706365045857e-06,3.883999593523536263e-13
4.962444877628913673e-06,3.840974657232817697e-13
5.019965133110079395e-06,3.798442952160932010e-13
5.078152112327670320e-06,3.756398829320906931e-13
5.137013543351338897e-06,3.714836704480137794e-13
5.196557243827657437e-06,3.673751057418125716e-13
5.256791122018419569e-06,3.633136431193735629e-13
5.317723177850966182e-06,3.592987431419694156e-13
5.379361503980697620e-06,3.553298725546768391e-13
5.441714286865887343e-06,3.514065042154693287e-13
5.504789807854967299e-06,3.475281170252628491e-13
5.568596444286408679e-06,3.436941958586348631e-13
5.633142670601352205e-06,3.399042314954598536e-13
5.698437059469136196e-06,3.361577205531997639e-13
5.764488282925873171e-06,3.324541654200852828e-13
5.831305113526218997e-06,3.287930741890058171e-13
5.898896425508492959e-06,3.251739605921414226e-13
5.967271195973310562e-06,3.215963439363975806e-13
6.036438506075863713e-06,3.180597490395316989e-13
6.106407542232036346e-06,3.145637061670255586e-13
6.177187597338488473e-06,3.111077509697070409e-13
6.248788072006888211e-06,3.076914244220403527e-13
6.321218475812448520e-06,3.043142727611609884e-13
6.394488428556936328e-06,3.009758474265875206e-13
6.468607661546320942e-06,2.976757050006445025e-13
6.543586018883229431e-06,2.944134071495380670e-13
6.619433458774387721e-06,2.911885205651390519e-13
6.696160054853215108e-06,2.880006169074042323e-13
6.773775997517744987e-06,2.848492727474949304e-13
6.852291595284057289e-06,2.817340695114844058e-13
6.931717276155400522e-06,2.786545934247926652e-13
7.012063589007177030e-06,2.756104354571810712e-13
7.093341204987989700e-06,2.726011912684189360e-13
7.175560918936921209e-06,2.696264611545761538e-13
7.258733650817246552e-06,2.666858499949064325e-13
7.342870447166757580e-06,2.637789671993471736e-13
7.427982482564909622e-06,2.609054266566414047e-13
7.514081061116962114e-06,2.580648466830133528e-13
7.601177617955322483e-06,2.552568499714828312e-13
7.689283720758305013e-06,2.524810635417089330e-13
7.778411071286482598e-06,2.497371186904423466e-13
7.868571506936843969e-06,2.470246509425416623e-13
7.959777002314978321e-06,2.443433000025284277e-13
8.052039670825469458e-06,2.416927097067239139e-13
8.145371766280736623e-06,2.390725279759196833e-13
8.239785684528511741e-06,2.364824067685946789e-13
8.335293965098186867e-06,2.339220020346537961e-13
8.431909292866250367e-06,2.313909736697291829e-13
8.529644499741016815e-06,2.288889854699718202e-13
8.628512566366886081e-06,2.264157050873679917e-13
8.728526623848370479e-06,2.239708039855823848e-13
8.829699955494083082e-06,2.215539573962954847e-13
8.932045998580959975e-06,2.191648442760385951e-13
9.035578346138921401e-06,2.168031472635261573e-13
9.140310748756222539e-06,2.144685526374733500e-13
9.246257116405732772e-06,2.121607502749115939e-13
9.353431520292377225e-06,2.098794336099577837e-13
9.461848194721992990e-06,2.076242995930677668e-13
9.571521538991855843e-06,2.053950486507649813e-13
9.682466119303114621e-06,2.031913846458024253e-13
9.794696670695385670e-06,2.010130148378182126e-13
9.908228099003786902e-06,1.988596498444050980e-13
1.002307548283864352e-05,1.967310036026491786e-13
1.013925407558814327e-05,1.946267933310999320e-13
1.025677930744420885e-05,1.925467394921736107e-13
1.037566678745184839e-05,1.904905657549910773e-13
1.049593230558226690e-05,1.884579989586359961e-13
1.061759183482999109e-05,1.864487690758378729e-13
1.074066153333432268e-05,1.844626091770707300e-13
1.086515774652537261e-05,1.824992553950525990e-13
1.099109700929496075e-05,1.805584468896655449e-13
1.111849604819269957e-05,1.786399258132611846e-13
1.124737178364750747e-05,1.767434372763801248e-13
1.137774133221490236e-05,1.748687293138410399e-13
1.150962200885031106e-05,1.730155528512418264e-13
1.164303132920875528e-05,1.711836616718265612e-13
1.177798701197118017e-05,1.693728123837317699e-13
1.191450698119774729e-05,1.675827643876142763e-13
1.205260936870841401e-05,1.658132798446495765e-13
1.219231251649109383e-05,1.640641236448811993e-13
1.233363497913774693e-05,1.623350633759491753e-13
1.247659552630868525e-05,1.606258692921643409e-13
1.262121314522546164e-05,1.589363142839423388e-13
1.276750704319264449e-05,1.572661738475755790e-13
1.291549665014882683e-05,1.556152260553656016e-13
1.306520162124719865e-05,1.539832515260814854e-13
1.321664183946603801e-05,1.523700333957654313e-13
1.336983741824945150e-05,1.507753572888646938e-13
1.352480870417873994e-05,1.491990112896980153e-13
1.368157627967470456e-05,1.476407859142405579e-13
1.384016096573130180e-05,1.461004740822371024e-13
1.400058382468096031e-05,1.445778710896287723e-13
1.416286616299197323e-05,1.430727745812935349e-13
1.432702953409829647e-05,1.415849845241011867e-13
1.449309574126214897e-05,1.401143031802701253e-13
1.466108684046983036e-05,1.386605350810289121e-13
1.483102514336102853e-05,1.372234870005806314e-13
1.500293322019216613e-05,1.358029679303573729e-13
1.517683390283403825e-05,1.343987890535706202e-13
1.535275028780421074e-05,1.330107637200559531e-13
1.553070573933458561e-05,1.316387074213910620e-13
1.571072389247448757e-05,1.302824377663094398e-13
1.589282865622976477e-05,1.289417744563850638e-13
1.607704421673822041e-05,1.276165392619950337e-13
1.626339504048190734e-05,1.263065559985576675e-13
1.645190587753660725e-05,1.250116505030343675e-13
1.664260176485901990e-05,1.237316506107040658e-13
1.683550802961200778e-05,1.224663861321978548e-13
1.703065029252842484e-05,1.212156888307907493e-13
1.722805447131392224e-05,1.199793923999575459e-13
1.742774678408917511e-05,1.187573324411775840e-13
1.762975375287203833e-05,1.175493464419894181e-13
1.783410220710006182e-05,1.163552737542977485e-13
1.804081928719380908e-05,1.151749555729246094e-13
1.824993244816150412e-05,1.140082349143996625e-13
1.846146946324545750e-05,1.128549565959908738e-13
1.867545842761074234e-05,1.117149672149773888e-13
1.889192776207664550e-05,1.105881151281461285e-13
1.911090621689135813e-05,1.094742504315272026e-13
1.933242287555043403e-05,1.083732249403550629e-13
1.955650715865946999e-05,1.072848921692549171e-13
1.978318882784162123e-05,1.062091073126494564e-13
2.001249798969034841e-05,1.051457272253922821e-13
2.024446509976801623e-05,1.040946104036128862e-13
2.047912096665083489e-05,1.030556169657772120e-13
2.071649675602066959e-05,1.020286086339628978e-13
2.095662399480430758e-05,1.010134487153450904e-13
2.119953457536068761e-05,1.000100020838834874e-13
2.144526075971665420e-05,9.901813516222192951e-14
2.169383518385182289e-05,9.803771590378446456e-14
2.194529086203311546e-05,9.706861377507497442e-14
2.219966119119952429e-05,9.611069973817134195e-14
2.245697995539771554e-05,9.516384623341706013e-14
2.271728133026902697e-05,9.422792716230423792e-14
2.298059988758848710e-05,9.330281787054821709e-14
2.324697059985645546e-05,9.238839513134786815e-14
2.351642884494346329e-05,9.148453712883465747e-14
2.378901041078890856e-05,9.059112344170295042e-14
2.406475150015421866e-05,8.970803502702377205e-14
2.434368873543108034e-05,8.883515420423412407e-14
2.462585916350544169e-05,8.797236463930796694e-14
2.491130026067785879e-05,8.711955132909851732e-14
2.520004993764089510e-05,8.627660058585374163e-14
2.549214654451420375e-05,8.544340002190225599e-14
2.578762887593798400e-05,8.461983853451064268e-14
2.608653617622545218e-05,8.380580629090159306e-14
2.638890814457507585e-05,8.300119471344072807e-14
2.669478494034318111e-05,8.220589646498487631e-14
2.700420718837769874e-05,8.141980543438847782e-14
2.731721598441373358e-05,8.064281672217131929e-14
2.763385290053166867e-05,7.987482662634084828e-14
2.795415999067853594e-05,7.911573262836769035e-14
2.827817979625338199e-05,7.836543337931777734e-14
2.860595535175739117e-05,7.762382868613025706e-14
2.893753019050947418e-05,7.689081949804781088e-14
2.927294835042812854e-05,7.616630789319145286e-14
2.961225437988031288e-05,7.545019706528227154e-14
2.995549334359810082e-05,7.474239131050485107e-14
3.030271082866393438e-05,7.404279601451341953e-14
3.065395295056523920e-05,7.335131763957783373e-14
3.100926635931923166e-05,7.266786371186515981e-14
3.136869824566873116e-05,7.199234280886172159e-14
3.173229634734972955e-05,7.132466454692617548e-14
3.210010895543168686e-05,7.066473956897659085e-14
3.247218492073125124e-05,7.001247953231053864e-14
3.284857366030040257e-05,6.936779709655149864e-14
3.322932516398968385e-05,6.873060591172708864e-14
3.361449000108761818e-05,6.810082060647073450e-14
3.400411932703702948e-05,6.747835677634977258e-14
3.439826489022920894e-05,6.686313097231719500e-14
3.479697903887688269e-05,6.625506068928463975e-14
3.520031472796675308e-05,6.565406435481550215e-14
3.560832552629274530e-05,6.506006131793825613e-14
3.602106562357066397e-05,6.447297183807541623e-14
3.643858983763540501e-05,6.389271707409074032e-14
3.686095362172154264e-05,6.331921907344997788e-14
3.728821307182830118e-05,6.275240076149417918e-14
3.772042493416993489e-05,6.219218593082652478e-14
3.815764661271244413e-05,6.163849923080909062e-14
3.859993617679763090e-05,6.109126615716891775e-14
3.904735236885555739e-05,6.055041304171251563e-14
3.949995461220639028e-05,6.001586704214630008e-14
3.995780301895265397e-05,5.948755613200424050e-14
4.042095839796309883e-05,5.896540909067857655e-14
4.088948226294864539e-05,5.844935549355462663e-14
4.136343684063277602e-05,5.793932570224692385e-14
4.184288507901584570e-05,5.743525085493737397e-14
4.232789065573552758e-05,5.693706285681279701e-14
4.281851798652415236e-05,5.644469437060134172e-14
4.331483223376403243e-05,5.595807880720708464e-14
4.381689931514194311e-05,5.547715031644116067e-14
4.432478591240400772e-05,5.500184377784918503e-14
4.483855948021190816e-05,5.453209479163338908e-14
4.535828825510191179e-05,5.406783966966914173e-14
4.588404126454761567e-05,5.360901542661455017e-14
4.641588833612781789e-05,5.315555977111221216e-14
4.695390010680062706e-05,5.270741109708328392e-14
4.749814803228504342e-05,5.226450847511161081e-14
4.804870439655133953e-05,5.182679164391840651e-14
4.860564232142138599e-05,5.139420100192655316e-14
4.916903577628031102e-05,5.096667759891314663e-14
4.973895958790067998e-05,5.054416312775048890e-14
5.031548945038056354e-05,5.012659991623475751e-14
5.089870193519684978e-05,4.971393091900169597e-14
5.148867450137497919e-05,4.930609970952826463e-14
5.208548550577665455e-05,4.890305047222153333e-14
5.268921421350677227e-05,4.850472799459188751e-14
5.329994080844093065e-05,4.811107765951271868e-14
5.391774640387505315e-05,4.772204543756403076e-14
5.454271305329835997e-05,4.733757787946162841e-14
5.517492376129128718e-05,4.695762210857000660e-14
5.581446249454966800e-05,4.658212581349973037e-14
5.646141419303672785e-05,4.621103724078866734e-14
5.711586478126435033e-05,4.584430518766784922e-14
5.777790117970507076e-05,4.548187899491015109e-14
5.844761131633637632e-05,4.512370853976360600e-14
5.912508413831881707e-05,4.476974422896819366e-14
5.981040962380943893e-05,4.441993699185705617e-14
6.050367879391225302e-05,4.407423827354113111e-14
6.120498372476702897e-05,4.373260002817871018e-14
6.191441755977847869e-05,4.339497471232933656e-14
6.263207452198692193e-05,4.306131527839176961e-14
6.335804992658254750e-05,4.273157516812848444e-14
6.409244019356456464e-05,4.240570830627435239e-14
6.483534286054727050e-05,4.208366909423177443e-14
6.558685659571435525e-05,4.176541240385216630e-14
6.634708121092350460e-05,4.145089357130453405e-14
6.711611767496287204e-05,4.114006839103120277e-14
6.789406812696112826e-05,4.083289310979181586e-14
6.868103588995308007e-05,4.052932442079650697e-14
6.947712548460240371e-05,4.022931945792777797e-14
7.028244264308352554e-05,3.993283579005368261e-14
7.109709432312438478e-05,3.963983141543134441e-14
7.192118872221193494e-05,3.935026475620292266e-14
7.275483529196232206e-05,3.906409465298430424e-14
7.359814475265770482e-05,3.878128035954751222e-14
7.445122910795143767e-05,3.850178153759851606e-14
7.531420165974375832e-05,3.822555825165026050e-14
7.618717702322998534e-05,3.795257096399281903e-14
7.707027114212302839e-05,3.768278052976212969e-14
7.796360130405236585e-05,3.741614819210706080e-14
7.886728615614156353e-05,3.715263557745749516e-14
7.978144572076628584e-05,3.689220469089377957e-14
8.070620141149507638e-05,3.663481791161876422e-14
8.164167604921472403e-05,3.638043798853400331e-14
8.258799387844272151e-05,3.612902803592106339e-14
8.354528058382871408e-05,3.588055152922975716e-14
8.451366330684721500e-05,3.563497230097325209e-14
8.549327066268385105e-05,3.539225453673331668e-14
8.648423275731726594e-05,3.515236277127497221e-14
8.748668120479914808e-05,3.491526188477318172e-14
8.850074914473438851e-05,3.468091709915229563e-14
8.952657125996401179e-05,3.444929397453917527e-14
9.056428379445293972e-05,3.422035840583213394e-14
9.161402457138520365e-05,3.399407661938572682e-14
9.267593301146882789e-05,3.377041516981334001e-14
9.375015015145289155e-05,3.354934093690832316e-14
9.483681866285927585e-05,3.333082112268481445e-14
9.593608287093146887e-05,3.311482324853884478e-14
9.704808877380307014e-05,3.290131515253147558e-14
9.817298406188840773e-05,3.269026498679371144e-14
9.931091813749800526e-05,3.248164121505464555e-14
1.004620421346813112e-04,3.227541261029346249e-14
1.016265089392995232e-04,3.207154825251540585e-14
1.028044732093309733e-04,3.187001752665243638e-14
1.039960913954120295e-04,3.167079012058882670e-14
1.052015217616159118e-04,3.147383602331194514e-14
1.064209244064724582e-04,3.127912552318803928e-14
1.076544612842315928e-04,3.108662920636318968e-14
1.089022962263730567e-04,3.089631795528884051e-14
1.101645949633656949e-04,3.070816294737174293e-14
1.114415251466788068e-04,3.052213565374745947e-14
1.127332563710487184e-04,3.033820783817698740e-14
1.140399601970033122e-04,3.015635155606480361e-14
1.153618101736478507e-04,2.997653915359811640e-14
1.166989818617147353e-04,2.979874326700486921e-14
1.180516528568805612e-04,2.962293682192959389e-14
1.194200028133532475e-04,2.944909303292503717e-14
1.208042134677328878e-04,2.927718540305725055e-14
1.222044686631488684e-04,2.910718772362213686e-14
1.236209543736769146e-04,2.893907407397054397e-14
1.250538587290391272e-04,2.877281882143935622e-14
1.265033720395903835e-04,2.860839662138532713e-14
1.279696868215941666e-04,2.844578241731815068e-14
1.294529978227916035e-04,2.828495144112959080e-14
1.309535020482667609e-04,2.812587921341415325e-14
1.324713987866117508e-04,2.796854154387771244e-14
1.340068896363950598e-04,2.781291453182934727e-14
1.355601785329368979e-04,2.765897456675170965e-14
1.371314717753945468e-04,2.750669832894509158e-14
1.387209780541621008e-04,2.735606279023987380e-14
1.403289084785873094e-04,2.720704521477184672e-14
1.419554766050101563e-04,2.705962315981472056e-14
1.436008984651260766e-04,2.691377447666393039e-14
1.452653925946781202e-04,2.676947731156540628e-14
1.469491800624817218e-04,2.662671010668284612e-14
1.486524844997857086e-04,2.648545160109690575e-14
1.503755321299738291e-04,2.634568083182968322e-14
1.521185517986104894e-04,2.620737713488692705e-14
1.538817750038346259e-04,2.607052014631129807e-14
1.556654359271062154e-04,2.593508980323914648e-14
1.574697714643086743e-04,2.580106634495303522e-14
1.592950212572122977e-04,2.566843031392303645e-14
1.611414277253019891e-04,2.553716255682841366e-14
1.630092360979741085e-04,2.540724422555257092e-14
1.648986944471065013e-04,2.527865677814279052e-14
1.668100537200059119e-04,2.515138197972775396e-14
1.687435677727375780e-04,2.502540190338412769e-14
1.706994934038408014e-04,2.490069893094534439e-14
1.726780903884355897e-04,2.477725575374400308e-14
1.746796215127245720e-04,2.465505537328107561e-14
1.767043526088946592e-04,2.453408110181367749e-14
1.787525525904235457e-04,2.441431656285460295e-14
1.808244934877951721e-04,2.429574569157623757e-14
1.829204504846293803e-04,2.417835273511182105e-14
1.850407019542302061e-04,2.406212225274750648e-14
1.871855294965579319e-04,2.394703911599865893e-14
1.893552179756295359e-04,2.383308850856427195e-14
1.915500555573527931e-04,2.372025592615380941e-14
1.937703337477988843e-04,2.360852717618077408e-14
1.960163474319185771e-04,2.349788837731814666e-14
1.982883949127071325e-04,2.338832595891108509e-14
2.005867779508234102e-04,2.327982666024240678e-14
2.029118018046678087e-04,2.317237752964739191e-14
2.052637752709252192e-04,2.306596592347444982e-14
2.076430107255774669e-04,2.296057950488901017e-14
2.100498241653915262e-04,2.285620624251830412e-14
2.124845352498882828e-04,2.275283440893541660e-14
2.149474673437980470e-04,2.265045257898141394e-14
2.174389475600079977e-04,2.254904962792501017e-14
2.199593068030074913e-04,2.244861472945962720e-14
2.225088798128369288e-04,2.234913735353869415e-14
2.250880052095461704e-04,2.225060726404995921e-14
2.276970255381680010e-04,2.215301451633095646e-14
2.303362873142130959e-04,2.205634945452760293e-14
2.330061410696924790e-04,2.196060270879901511e-14
2.357069413996727572e-04,2.186576519237194342e-14
2.384390470093720473e-04,2.177182809844882549e-14
2.412028207618007131e-04,2.167878289697408131e-14
2.439986297259550470e-04,2.158662133126377437e-14
2.468268452255692339e-04,2.149533541450395595e-14
2.496878428884326717e-04,2.140491742612425893e-14
2.525820026962784779e-04,2.131535990805288789e-14
2.555097090352507149e-04,2.122665566086017163e-14
2.584713507469563534e-04,2.113879773979810907e-14
2.614673211801091831e-04,2.105177945074350060e-14
2.644980182427719858e-04,2.096559434605307405e-14
2.675638444552045064e-04,2.088023622033875911e-14
2.706652070033241072e-04,2.079569910617197676e-14
2.738025177927857720e-04,2.071197726972588647e-14
2.769761935036891046e-04,2.062906520636463454e-14
2.801866556459195316e-04,2.054695763618905095e-14
2.834343306151309184e-04,2.046564949954810029e-14
2.867196497493769728e-04,2.038513595252573589e-14
2.900430493863991868e-04,2.030541236241251011e-14
2.934049709215786890e-04,2.022647430317174770e-14
2.968058608665602493e-04,2.014831755090957835e-14
3.002461709085549389e-04,2.007093807935846819e-14
3.037263579703311511e-04,1.999433205538339789e-14
3.072468842709003239e-04,1.991849583452008433e-14
3.108082173869063645e-04,1.984342595655403056e-14
3.144108303147264728e-04,1.976911914114935596e-14
3.180552015332919840e-04,1.969557228353593910e-14
3.217418150676371437e-04,1.962278245026295109e-14
3.254711605531848163e-04,1.955074687502705930e-14
3.292437333007768767e-04,1.947946295458254335e-14
3.330600343624588820e-04,1.940892824474097194e-14
3.369205705980267201e-04,1.933914045646701666e-14
3.408258547423452110e-04,1.927009745207715848e-14
3.447764054734464112e-04,1.920179724154719077e-14
3.487727474814177595e-04,1.913423797893431228e-14
3.528154115380883050e-04,1.906741795891901334e-14
3.569049345675229896e-04,1.900133561347158953e-14
3.610418597173337151e-04,1.893598950864758668e-14
3.652267364308175480e-04,1.887137834151612488e-14
3.694601205199302477e-04,1.880750093722465111e-14
3.737425742391063937e-04,1.874435624620297958e-14
3.780746663599348950e-04,1.868194334150942795e-14
3.824569722466999088e-04,1.862026141632100271e-14
3.868900739327975780e-04,1.855930978156955539e-14
3.913745601980383993e-04,1.849908786372519703e-14
3.959110266468458469e-04,1.843959520272780072e-14
4.005000757873611187e-04,1.838083145006740962e-14
4.051423171114647368e-04,1.832279636701355023e-14
4.098383671757261184e-04,1.826548982299339123e-14
4.145888496832911426e-04,1.820891179411835009e-14
4.193943955667186118e-04,1.815306236185833970e-14
4.242556430717776958e-04,1.809794171186266121e-14
4.291732378422157359e-04,1.804355013292624273e-14
4.341478330055092592e-04,1.798988801609975385e-14
4.391800892596086085e-04,1.793695585394185062e-14
4.442706749606882793e-04,1.788475423991164856e-14
4.494202662119142376e-04,1.783328386789936619e-14
4.546295469532399291e-04,1.778254553189301869e-14
4.598992090522438817e-04,1.773254012577873192e-14
4.652299523960188752e-04,1.768326864327240186e-14
4.706224849841281286e-04,1.763473217798016238e-14
4.760775230226368536e-04,1.758693192358526320e-14
4.815957910192350034e-04,1.753986917415870758e-14
4.871780218794630342e-04,1.749354532459126404e-14
4.928249570040513054e-04,1.744796187114426807e-14
4.985373463873893265e-04,1.740312041211680272e-14
5.043159487171358559e-04,1.735902264862683822e-14
5.101615314749833501e-04,1.731567038550400790e-14
5.160748710385908026e-04,1.727306553229177077e-14
5.220567527846975506e-04,1.723121010435684977e-14
5.281079711934330654e-04,1.719010622410386927e-14
5.342293299538351933e-04,1.714975612229342803e-14
5.404216420705914865e-04,1.711016213946165760e-14
5.466857299720180412e-04,1.707132672743987130e-14
5.530224256192900478e-04,1.703325245097270414e-14
5.594325706169377133e-04,1.699594198943351609e-14
5.659170163246242521e-04,1.695939813863599537e-14
5.724766239702178735e-04,1.692362381274096148e-14
5.791122647641758691e-04,1.688862204625760119e-14
5.858248200152535966e-04,1.685439599613868939e-14
5.926151812475552710e-04,1.682094894396927110e-14
5.994842503189408769e-04,1.678828429824872242e-14
6.064329395408061141e-04,1.675640559676611803e-14
6.134621717992506636e-04,1.672531650906917649e-14
6.205728806776500623e-04,1.669502083902710525e-14
6.277660105806500508e-04,1.666552252748795115e-14
6.350425168595961881e-04,1.663682565503125486e-14
6.424033659394191159e-04,1.660893444481690841e-14
6.498495354469888087e-04,1.658185326553149705e-14
6.573820143409585173e-04,1.655558663443326132e-14
6.650018030431118507e-04,1.653013922049746217e-14
6.727099135712337041e-04,1.650551584766367325e-14
6.805073696735206446e-04,1.648172149818699141e-14
6.883952069645496224e-04,1.645876131609526691e-14
6.963744730628222430e-04,1.643664061075455599e-14
7.044462277299036847e-04,1.641536486054536408e-14
7.126115430111745839e-04,1.639493971665218533e-14
7.208715033782135597e-04,1.637537100696927913e-14
7.292272058728313045e-04,1.635666474012559943e-14
7.376797602527730442e-04,1.633882710963212361e-14
7.462302891391107279e-04,1.632186449815489113e-14
7.548799281653431614e-04,1.630578348191735230e-14
7.636298261282241416e-04,1.629059083523572205e-14
7.724811451403400600e-04,1.627629353519128951e-14
7.814350607844542133e-04,1.626289876644378534e-14
7.904927622696419996e-04,1.625041392619008878e-14
7.996554525892346716e-04,1.623884662927283413e-14
8.089243486805937659e-04,1.622820471344349819e-14
8.183006815867389754e-04,1.621849624478503328e-14
8.277856966198472461e-04,1.620972952329899669e-14
8.373806535266489033e-04,1.620191308866259131e-14
8.470868266557402123e-04,1.619505572616113314e-14
8.569055051268347108e-04,1.618916647280168228e-14
8.668379930019773794e-04,1.618425462361391164e-14
8.768856094587426870e-04,1.618032973814435068e-14
8.870496889654402514e-04,1.617740164715056760e-14
8.973315814583519715e-04,1.617548045950197931e-14
9.077326525210223113e-04,1.617457656929434504e-14
9.182542835656281937e-04,1.617470066318515035e-14
9.288978720164497516e-04,1.617586372795753049e-14
9.396648314954690433e-04,1.617807705832048922e-14
9.505565920101191743e-04,1.618135226495372436e-14
9.615746001432095213e-04,1.618570128280535589e-14
9.727203192450537298e-04,1.619113637965156853e-14
9.839952296278227113e-04,1.619767016492717744e-14
9.954008287621518049e-04,1.620531559883671614e-14
1.006938631476027041e-03,1.621408600175594194e-14
1.018610170155975336e-03,1.622399506393399515e-14
1.030416994950587558e-03,1.623505685550697542e-14
1.042360673976401152e-03,1.624728583683395699e-14
1.054442793526168438e-03,1.626069686916710558e-14
1.066664958279538774e-03,1.627530522566784004e-14
1.079028791516183647e-03,1.629112660278153454e-14
1.091535935331391146e-03,1.630817713198382779e-14
1.104188050854160164e-03,1.632647339191196277e-14
1.116986818467822530e-03,1.634603242089533725e-14
1.129933938033221693e-03,1.636687172989977732e-14
1.143031129114478739e-03,1.638900931590089115e-14
1.156280131207375458e-03,1.641246367570225521e-14
1.169682703970384603e-03,1.643725382021501461e-14
1.183240627458377906e-03,1.646339928921603495e-14
1.196955702359042868e-03,1.649092016660249059e-14
1.210829750232039325e-03,1.651983709616157912e-14
1.224864613750930708e-03,1.655017129787470799e-14
1.239062156947915577e-03,1.658194458477643028e-14
1.253424265461399551e-03,1.661517938038909425e-14
1.267952846786433866e-03,1.664989873675532010e-14
1.282649830528059809e-03,1.668612635309101370e-14
1.297517168657586796e-03,1.672388659508286698e-14
1.312556835771842671e-03,1.676320451485521315e-14
1.327770829355428986e-03,1.680410587163204196e-14
1.343161170046015297e-03,1.684661715312142530e-14
1.358729901902709127e-03,1.689076559765029471e-14
1.374479092677536717e-03,1.693657921707921935e-14
1.390410834090069709e-03,1.698408682052772273e-14
1.406527242105236331e-03,1.703331803894226060e-14
1.422830457214352027e-03,1.708430335054023535e-14
1.439322644719406375e-03,1.713707410716498681e-14
1.456005995020648574e-03,1.719166256158818932e-14
1.472882723907501879e-03,1.724810189579766225e-14
1.489955072852853580e-03,1.730642625031042520e-14
1.507225309310755452e-03,1.736667075455239727e-14
1.524695727017573053e-03,1.742887155834824760e-14
1.542368646296627451e-03,1.749306586456657698e-14
1.560246414366367983e-03,1.755929196296791979e-14
1.578331405652116590e-03,1.762758926530503425e-14
1.596626022101425152e-03,1.769799834172723338e-14
1.615132693503091351e-03,1.777056095854295459e-14
1.633853877809862123e-03,1.784532011739711973e-14
1.652792061464895606e-03,1.792232009592258593e-14
1.671949759731990040e-03,1.800160648992764104e-14
1.691329517029648791e-03,1.808322625718434093e-14
1.710933907269015109e-03,1.816722776288566304e-14
1.730765534195725843e-03,1.825366082684249896e-14
1.750827031735725098e-03,1.834257677249482837e-14
1.771121064345088569e-03,1.843402847781512091e-14
1.791650327363901278e-03,1.852807042818548390e-14
1.812417547374237711e-03,1.862475877133405881e-14
1.833425482562290546e-03,1.872415137442041059e-14
1.854676923084699371e-03,1.882630788336354435e-14
1.876174691439121654e-03,1.893128978451132754e-14
1.897921642839101508e-03,1.903916046875418179e-14
1.919920665593284788e-03,1.914998529819156660e-14
1.942174681489026522e-03,1.926383167546457614e-14
1.964686646180446600e-03,1.938076911587382412e-14
1.987459549580983600e-03,1.950086932240762263e-14
2.010496416260499231e-03,1.962420626381150386e-14
2.033800305846981960e-03,1.975085625583685433e-14
2.057374313432913573e-03,1.988089804581320321e-14
2.081221569986339229e-03,2.001441290069590984e-14
2.105345242766706263e-03,2.015148469874878670e-14
2.129748535745521181e-03,2.029220002502914236e-14
2.154434690031884272e-03,2.043664827085126769e-14
2.179406984302956034e-03,2.058492173741346049e-14
2.204668735239409625e-03,2.073711574378303650e-14
2.230223297965938743e-03,2.089332873944389100e-14
2.256074066496861676e-03,2.105366242162173964e-14
2.282224474186898746e-03,2.121822185761338174e-14
2.308677994187169520e-03,2.138711561235791266e-14
2.335438139906479207e-03,2.156045588150078741e-14
2.362508465477947562e-03,2.173835863021421472e-14
2.389892566231050126e-03,2.192094373805183237e-14
2.417594079169130793e-03,2.210833515013015408e-14
2.445616683452446396e-03,2.230066103494479116e-14
2.473964100886814031e-03,2.249805394914623841e-14
2.502640096417919208e-03,2.270065100961728098e-14
2.531648478631355528e-03,2.290859407321273960e-14
2.560993100258459210e-03,2.312202992454168440e-14
2.590677858688008716e-03,2.334111047219331283e-14
2.620706696483852353e-03,2.356599295382933399e-14
2.651083601908538895e-03,2.379684015058933543e-14
2.681812609453015830e-03,2.403382061128004791e-14
2.712897800372467225e-03,2.427710888684590373e-14
2.744343303228365376e-03,2.452688577564571779e-14
2.776153294436800850e-03,2.478333858009013641e-14
2.808331998823172457e-03,2.504666137522556725e-14
2.840883690183303948e-03,2.531705528988357488e-14
2.873812691851066348e-03,2.559472880104976747e-14
2.907123377272578368e-03,2.587989804214408163e-14
2.940820170587063812e-03,2.617278712594342042e-14
2.974907547214440586e-03,2.647362848292053632e-14
3.009390034449721096e-03,2.678266321581724870e-14
3.044272212064302961e-03,2.710014147131839241e-14
3.079558712914226386e-03,2.742632282974305282e-14
3.115254223555487950e-03,2.776147671372391634e-14
3.151363484866479339e-03,2.810588281690291882e-14
3.187891292677645996e-03,2.845983155373218904e-14
3.224842498408442022e-03,2.882362453153449178e-14
3.262222009711669788e-03,2.919757504604659275e-14
3.300034791125285374e-03,2.958200860174244534e-14
3.338285864731760887e-03,2.997726345831176122e-14
3.376980310825091272e-03,3.038369120475326272e-14
3.416123268585528460e-03,3.080165736263091121e-14
3.455719936762139538e-03,3.123154202013656118e-14
3.495775574363275268e-03,3.167374049870404444e-14
3.536295501355042614e-03,3.212866405402768100e-14
3.577285099367873231e-03,3.259674061345381559e-14
3.618749812411280273e-03,3.307841555183732569e-14
3.660695147596902850e-03,3.357415250808632542e-14
3.703126675869926592e-03,3.408443424475949601e-14
3.746050032748993088e-03,3.460976355323019322e-14
3.789470919074667144e-03,3.515066420709206854e-14
3.833395101766601080e-03,3.570768196665331687e-14
3.877828414589457214e-03,3.628138563754907943e-14
3.922776758927719494e-03,3.687236818669927619e-14
3.968246104569481472e-03,3.748124791904829077e-14
4.014242490499322046e-03,3.810866971874870340e-14
4.060772025700365266e-03,3.875530635869159816e-14
4.107840889965646940e-03,3.942185988254506448e-14
4.155455334718875619e-03,4.010906306373781272e-14
4.203621683844713762e-03,4.081768094612271008e-14
4.252346334528682263e-03,4.154851247137175486e-14
4.301635758106795056e-03,4.230239219849616475e-14
4.351496500925049540e-03,4.308019212124996709e-14
4.401935185208874328e-03,4.388282358956951816e-14
4.452958509942655727e-03,4.471123934162177228e-14
4.504573251759458330e-03,4.556643565348824642e-14
4.556786265841063742e-03,4.644945461399764633e-14
4.609604486828434121e-03,4.736138653274313529e-14
4.663034929742731517e-03,4.830337248988340968e-14
4.717084690917017036e-03,4.927660703693090625e-14
4.771760948938746048e-03,5.028234105838215309e-14
4.827070965603183494e-03,5.132188480474536197e-14
4.883022086877879774e-03,5.239661110827571005e-14
4.939621743878320863e-03,5.350795879354054705e-14
4.996877453854883626e-03,5.465743629581352309e-14
5.054796821191240297e-03,5.584662550124027400e-14
5.113387538414325764e-03,5.707718582373657539e-14
5.172657387216019441e-03,5.835085853467854508e-14
5.232614239486662287e-03,5.966947136262970275e-14
5.293266058360561639e-03,6.103494338162968203e-14
5.354620899273607876e-03,6.244929020795206808e-14
5.416686911033152113e-03,6.391462952673188839e-14
5.479472336900287170e-03,6.543318697147904864e-14
5.542985515684668851e-03,6.700730238123822722e-14
5.607234882852032802e-03,6.863943646204659746e-14
5.672228971644543115e-03,7.033217788138313912e-14
5.737976414214134013e-03,7.208825082651774050e-14
5.804485942768978189e-03,7.391052306006446063e-14
5.871766390733255264e-03,7.580201450864196774e-14
5.939826693920356553e-03,7.776590642335928033e-14
6.008675891719686586e-03,7.980555115389887626e-14
6.078323128297229670e-03,8.192448258128338548e-14
6.148777653810022850e-03,8.412642725800773483e-14
6.220048825634711363e-03,8.641531630812400521e-14
6.292146109610343568e-03,8.879529814411042147e-14
6.365079081295571019e-03,9.127075206196578370e-14
6.438857427240419345e-03,9.384630278098565842e-14
6.513490946272802555e-03,9.652683600013210737e-14
6.588989550799949878e-03,9.931751504884413338e-14
6.665363268124913435e-03,1.022237987166004667e-13
6.742622241778342337e-03,1.052514603525889754e-13
6.820776732865685421e-03,1.084066083345095318e-13
6.899837121430018629e-03,1.116957080139051655e-13
6.979813907830660115e-03,1.151256052545457873e-13
7.060717714137772563e-03,1.187035516903479424e-13
7.142559285543126184e-03,1.224372318401950820e-13
7.225349491787214085e-03,1.263347922289031236e-13
7.309099328602909965e-03,1.304048726765671345e-13
7.393819919175866756e-03,1.346566399327254905e-13
7.479522515621821015e-03,1.390998238473169834e-13
7.566218500481054592e-03,1.437447562874170440e-13
7.653919388230148030e-03,1.486024130273634330e-13
7.742636826811269413e-03,1.536844588602931312e-13
7.832382599179196422e-03,1.590032962014897077e-13
7.923168624866253756e-03,1.645721174784787134e-13
8.015006961565405291e-03,1.704049616297438944e-13
8.107909806731686611e-03,1.765167750635115276e-13
8.201889499202202546e-03,1.829234774605336299e-13
8.296958520834906564e-03,1.896420328405161236e-13
8.393129498166364971e-03,1.966905263511056934e-13
8.490415204088747059e-03,2.040882472815683481e-13
8.588828559546249353e-03,2.118557788508663905e-13
8.688382635251184691e-03,2.200150953722548141e-13
8.789090653419954699e-03,2.285896674542825578e-13
8.890965989529158939e-03,2.376045759617989388e-13
8.994022174092043687e-03,2.470866355308512527e-13
9.098272894455557494e-03,2.570645285089906860e-13
9.203731996618221695e-03,2.675689502782339318e-13
9.310413487069076066e-03,2.786327670127174809e-13
9.418331534647951184e-03,2.902911870279060998e-13
9.527500472427289507e-03,3.025819469942271217e-13
9.637934799615785822e-03,3.155455144164767958e-13
9.749649183484086420e-03,3.292253079226751859e-13
9.862658461312821118e-03,3.436679370638825118e-13
9.976977642363202281e-03,3.589234635015456599e-13
1.009262190987048405e-02,3.750456856533174517e-13
1.020960662306047602e-02,3.920924490841460186e-13
1.032794731918952429e-02,4.101259851694122086e-13
1.044765971560805175e-02,4.292132808237133212e-13
1.056875971184804974e-02,4.494264823859168125e-13
1.069126339173477255e-02,4.708433370818449019e-13
1.081518702552289150e-02,4.935476758545000123e-13
1.094054707205743479e-02,5.176299417627481107e-13
1.106736018095974550e-02,5.431877686079563222e-13
1.119564319483879432e-02,5.703266149601654163e-13
1.132541315152812630e-02,5.991604593275416293e-13
1.145668728634872610e-02,6.298125628525904660e-13
1.158948303439811742e-02,6.624163066344707688e-13
1.172381803286599682e-02,6.971161115782135733e-13
1.185971012337670542e-02,7.340684495697362642e-13
1.199717735435885599e-02,7.734429557824983328e-13
1.213623798344241715e-02,8.154236530515812194e-13
1.227691047988360359e-02,8.602103005197252918e-13
1.241921352701784616e-02,9.080198801856262902e-13
1.256316602474121490e-02,9.590882365881174843e-13
1.270878709202059517e-02,1.013671886664253282e-12
1.285609606943296547e-02,1.072050018851470657e-12
1.300511252173409786e-02,1.134526702794455142e-12
1.315585624045705233e-02,1.201433333600890079e-12
1.330834724654075991e-02,1.273131337506662897e-12
1.346260579298911089e-02,1.350015169105815270e-12
1.361865236756082745e-02,1.432515634025583282e-12
1.377650769549054917e-02,1.521103575141803006e-12
1.393619274224143501e-02,1.616293965203050383e-12
1.409772871628967722e-02,1.718650454141460490e-12
1.426113707194129852e-02,1.828790425484035730e-12
1.442643951218158804e-02,1.947390623243868299e-12
1.459365799155757683e-02,2.075193418584613476e-12
1.476281471909391199e-02,2.213013794550671299e-12
1.493393216124253367e-02,2.361747137397357783e-12
1.510703304486655726e-02,2.522377934721266893e-12
1.528214036025870616e-02,2.695989493890969688e-12
1.545927736419478588e-02,2.883774809453941615e-12
1.563846758302247716e-02,3.087048725527359073e-12
1.581973481578601362e-02,3.307261558991856622e-12
1.600310313738701612e-02,3.546014371973892060e-12
1.618859690178199237e-02,3.805076108058885826e-12
1.637624074521688844e-02,4.086402836428993824e-12
1.656605958949915192e-02,4.392159382252243598e-12
1.675807864530768840e-02,4.724743660845951809e-12
1.695232341554121433e-02,5.086814078191074326e-12
1.714881969870540868e-02,5.481320412208743718e-12
1.734759359233932485e-02,5.911538648905594106e-12
1.754867149648152089e-02,6.381110316308395114e-12
1.775208011717635884e-02,6.894086938512100726e-12
1.795784647002096959e-02,7.454980323879869004e-12
1.816599788375328553e-02,8.068819507472765465e-12
1.837656200388172387e-02,8.741215290513725421e-12
1.858956679635688156e-02,9.478433461874283923e-12
1.880504055128583499e-02,1.028747795147074382e-11
1.902301188668945736e-02,1.117618535689505649e-11
1.924350975230332272e-02,1.215333250709130721e-11
1.946656343342263382e-02,1.322875898573127347e-11
1.969220255479173579e-02,1.441350683840680870e-11
1.992045708453871189e-02,1.571998003924161934e-11
2.015135733815558508e-02,1.716212670277893125e-11
2.038493398252464242e-02,1.875564750638087743e-11
2.062121803999144437e-02,2.051823434915361409e-11
2.086024089248504979e-02,2.246984393014960700e-11
2.110203428568596662e-02,2.463301169859519856e-11
2.134663033324245285e-02,2.703321253271501494e-11
2.159406152103567761e-02,2.969927556587342319e-11
2.184436071149428379e-02,3.266386182841919869e-11
2.209756114795903212e-02,3.596401484566643987e-11
2.235369645909796379e-02,3.964179606850176153e-11
2.261280066337279654e-02,4.374501906302949979e-11
2.287490817355703962e-02,4.832809880913153491e-11
2.314005380130654266e-02,5.345303532645386073e-11
2.340827276178294308e-02,5.919055424612822573e-11
2.367960067833078594e-02,6.562143098094666440e-11
2.395407358720879482e-02,7.283802994025301979e-11
2.423172794237600514e-02,8.094609593869513489e-11
2.451260062033339820e-02,9.006684174148730958e-11
2.479672892502160150e-02,1.003393837921642205e-10
2.508415059277541159e-02,1.119235878473310384e-10
2.537490379733571555e-02,1.250033978182927614e-10
2.566902715491951870e-02,1.397907349821794863e-10
2.596655972934872394e-02,1.565300713499670861e-10
2.626754103723838440e-02,1.755038009434582550e-10
2.657201105324506762e-02,1.970385567422751164e-10
2.688001021537607393e-02,2.215126499752158441e-10
2.719157943036018890e-02,2.493648432992735220e-10
2.750676007908067419e-02,2.811047115215739558e-10
2.782559402207126012e-02,3.173248944528174764e-10
2.814812360507581296e-02,3.587156081739492337e-10
2.847439166467247845e-02,4.060818558345782435e-10
2.880444153396297807e-02,4.603638700185787595e-10
2.913831704832789068e-02,5.226614293317707172e-10
2.947606255124858229e-02,5.942628266643334501e-10
2.981772290019673102e-02,6.766794310955902041e-10
3.016334347259197468e-02,7.716869865060253663e-10
3.051297017182871135e-02,8.813750361639928619e-10
3.086664943337274689e-02,1.008206164460278871e-09
3.122442823092858033e-02,1.155087117772577540e-09
3.158635408267818773e-02,1.325454322621690036e-09
3.195247505759213347e-02,1.523376881411007713e-09
3.232283978181380718e-02,1.753680819880569409e-09
3.269749744511767781e-02,2.022099218257601649e-09
3.307649780744242179e-02,2.335453920517961809e-09
3.345989120549974771e-02,2.701875834237014327e-09
3.384772855945983316e-02,3.131072471548774996e-09
3.424006137971425529e-02,3.634653420997875112e-09
3.463694177371734462e-02,4.226526983337153963e-09
3.503842245290676033e-02,4.923384381839242794e-09
3.544455673970435539e-02,5.745291934813088775e-09
3.585539857459817126e-02,6.716416565067922856e-09
3.627100252330648505e-02,7.865916286071046651e-09
3.669142378402494298e-02,9.229035189687758433e-09
3.711671819475766826e-02,1.084845240338968114e-08
3.754694224073337055e-02,1.277594704666214612e-08
3.798215306190736579e-02,1.507445711741975366e-08
3.842240846055060971e-02,1.782063040645605456e-08
3.886776690892667502e-02,2.110799116628572957e-08
3.931828755705769896e-02,2.505087889390342070e-08
3.977403024058037001e-02,2.978935722323341657e-08
4.023505548869293208e-02,3.549534415433670039e-08
4.070142453219438572e-02,4.238028304182243097e-08
4.117319931161678853e-02,5.070476131265298620e-08
4.165044248545184818e-02,6.079059651165730115e-08
4.213321743847289053e-02,7.303605447432421337e-08
4.262158829015325057e-02,8.793505202331544509e-08
4.311561990318228677e-02,1.061014394823071868e-07
4.361537789208005944e-02,1.282997734899297871e-07
4.412092863191190151e-02,1.554844005006748088e-07
4.463233926710397093e-02,1.888492056359859815e-07
4.514967772036102001e-02,2.298910795124126864e-07
4.567301270168747096e-02,2.804910695629655250e-07
4.620241371751312998e-02,3.430183817540995765e-07
4.673795107992463616e-02,4.204639763578964784e-07
4.727969591600390820e-02,5.166125818446587773e-07
4.782772017727485170e-02,6.362647007144203147e-07
4.838209664925956915e-02,7.855238243338080185e-07
4.894289896114531468e-02,9.721689127195895082e-07
4.951020159556351191e-02,1.206138637976734078e-06
5.008407989848212560e-02,1.500162489820810326e-06
5.066461008921268466e-02,1.870585349416209160e-06
5.125186927053333036e-02,2.338447576373649235e-06
5.184593543892913187e-02,2.930903419338815701e-06
5.244688749495118874e-02,3.683088564123851847e-06
5.305480525369574152e-02,4.640585497278907934e-06
5.366976945540476163e-02,5.862686695989864214e-06
5.429186177618942899e-02,7.426725436227054724e-06
5.492116483887789224e-02,9.433839128785334911e-06
5.555776222398877556e-02,1.201666010428123673e-05
5.620173848083188234e-02,1.534960696952245897e-05
5.685317913873753209e-02,1.966269459960731945e-05
5.751217071841613349e-02,2.526011846829997445e-05
5.817880074344935343e-02,3.254533577517833325e-05
5.885315775191450605e-02,4.205501295864032843e-05
5.953533130814370189e-02,5.450510903720604309e-05
6.022541201461927007e-02,7.085361922085365021e-05
6.092349152400711176e-02,9.238625881764691303e-05
6.162966255132941440e-02,1.208338307778032271e-04
6.234401888627863486e-02,1.585334872229136611e-04
6.306665540567406303e-02,2.086509901548385759e-04
6.379766808606282535e-02,2.754880090251910245e-04
6.453715401646702154e-02,3.649083424669930203e-04
6.528521141127847927e-02,4.849309908056023384e-04
6.604193962330305590e-02,6.465580822760447948e-04
6.680743915695615265e-02,8.649344596305751738e-04
6.758181168161110641e-02,1.160977196522452711e-03
6.836516004510238831e-02,1.563673199070178760e-03
6.915758828738524655e-02,2.113329837860709361e-03
6.995920165435375038e-02,2.866189768825052123e-03
7.077010661181890039e-02,3.901005284337360872e-03
7.159041085964888695e-02,5.328437260043485113e-03
7.242022334607314815e-02,7.304540162599559676e-03
7.325965428215229502e-02,1.005017924837604999e-02
7.410881515641569439e-02,1.387909156612713614e-02
7.496781874966876313e-02,1.923858827173443101e-02
7.583677914997190295e-02,2.676881339854836686e-02
7.671581176779301847e-02,3.738934473084525034e-02
7.760503335133571434e-02,5.242623563448975399e-02
7.850456200204508628e-02,7.379910265209094211e-02
7.941451719029339607e-02,1.042977153204178442e-01
8.033501977124735127e-02,1.479925212760261344e-01
8.126619200091945994e-02,2.108463979984603887e-01
8.220815755240540312e-02,3.016299508284577269e-01
8.316104153230961804e-02,4.332965732151354832e-01
8.412497049736118726e-02,6.250567542864146064e-01
8.510007247122246266e-02,9.055203044308179905e-01
8.608647696149245021e-02,1.317476435167907134e+00
8.708431497690724554e-02,1.925196528436653454e+00
8.809371904473990711e-02,2.825639241774255073e+00
8.911482322840201531e-02,4.165718497614772531e+00
9.014776314524917955e-02,6.169032739912832852e+00
9.119267598459297741e-02,9.177424722128133538e+00
9.224970052592174063e-02,1.371589327178212869e+01
9.331897715733239451e-02,2.059444298585938427e+01
9.440064789417602908e-02,3.106863231435091777e+01
9.549485639791965852e-02,4.709383628805210265e+01
9.660174799522645850e-02,7.172983717386482283e+01
9.772146969725724330e-02,1.097877111767421638e+02
9.885417021919573610e-02,1.688691352357339497e+02
1.000000000000000056e-01,2.610443667099560798e+02
