m_a_eV,MQM_squid_GeVinv
9.999999999999999547e-07,2.013475899635479493e-13
1.011591112223829652e-06,2.002066785459285434e-13
1.023316578330244814e-06,1.990724152150884966e-13
1.035177955630176236e-06,1.979447623194146284e-13
1.047176819485520330e-06,1.968236824268916062e-13
1.059314763518370023e-06,1.957091383239660617e-13
1.071593399822671139e-06,1.946010930142229200e-13
1.084014359178330942e-06,1.934995097172060461e-13
1.096579291267809966e-06,1.924043518672464399e-13
1.109289864895222755e-06,1.913155831121678726e-13
1.122147768207980129e-06,1.902331673120933718e-13
1.135154708920999016e-06,1.891570685383232473e-13
1.148312414543511196e-06,1.880872510720589784e-13
1.161622632608501865e-06,1.870236794032790436e-13
1.175087130904807464e-06,1.859663182295107457e-13
1.188707697711903258e-06,1.849151324547001342e-13
1.202486142037412225e-06,1.838700871880895761e-13
1.216424293857368064e-06,1.828311477429555783e-13
1.230524004359261563e-06,1.817982796355095824e-13
1.244787146187906095e-06,1.807714485838295572e-13
1.259215613694150849e-06,1.797506205066205147e-13
1.273811323186478410e-06,1.787357615221266650e-13
1.288576213185518045e-06,1.777268379470067905e-13
1.303512244681508989e-06,1.767238162952597799e-13
1.318621401394748467e-06,1.757266632770524692e-13
1.333905690039058748e-06,1.747353457976413127e-13
1.349367140588306489e-06,1.737498309562914545e-13
1.365007806546013744e-06,1.727700860452098099e-13
1.380829765218092407e-06,1.717960785483755317e-13
1.396835117988739787e-06,1.708277761405813360e-13
1.413025990599533632e-06,1.698651466862521544e-13
1.429404533431761129e-06,1.689081582384833046e-13
1.445972921792019565e-06,1.679567790379122803e-13
1.462733356201129952e-06,1.670109775116919193e-13
1.479688062686396214e-06,1.660707222724548629e-13
1.496839293077255471e-06,1.651359821172739504e-13
1.514189325304352035e-06,1.642067260266134763e-13
1.531740463702079791e-06,1.632829231633273997e-13
1.549495039314631713e-06,1.623645428716438722e-13
1.567455410205595074e-06,1.614515546760969815e-13
1.585623961771137209e-06,1.605439282805986723e-13
1.604003107056819987e-06,1.596416335673817734e-13
1.622595287078087214e-06,1.587446405960459686e-13
1.641402971144466496e-06,1.578529196025152882e-13
1.660428657187529599e-06,1.569664409981175531e-13
1.679674872092653225e-06,1.560851753685409322e-13
1.699144172034625966e-06,1.552090934729501406e-13
1.718839142817145670e-06,1.543381662429201017e-13
1.738762400216250434e-06,1.534723647815504036e-13
1.758916590327732554e-06,1.526116603624903172e-13
1.779304389918577576e-06,1.517560244289767144e-13
1.799928506782476310e-06,1.509054285929077558e-13
1.820791680099462520e-06,1.500598446339059513e-13
1.841896680799710828e-06,1.492192444983803369e-13
1.863246311931559606e-06,1.483836002986127090e-13
1.884843409033795304e-06,1.475528843118118490e-13
1.906690840512251975e-06,1.467270689792282076e-13
1.928791508020777896e-06,1.459061269052445808e-13
1.951148346846616293e-06,1.450900308564496976e-13
1.973764326300255428e-06,1.442787537607565889e-13
1.996642450109793374e-06,1.434722687065191639e-13
2.019785756819878467e-06,1.426705489416252854e-13
2.043197320195270527e-06,1.418735678726216013e-13
2.066880249629081940e-06,1.410812990638609184e-13
2.090837690555749843e-06,1.402937162365968676e-13
2.115072824868794891e-06,1.395107932681502609e-13
2.139588871343421664e-06,1.387325041910123402e-13
2.164389086064020431e-06,1.379588231920282989e-13
2.189476762856620668e-06,1.371897246115370081e-13
2.214855233726359433e-06,1.364251829425017289e-13
2.240527869300017970e-06,1.356651728297233471e-13
2.266498079273693014e-06,1.349096690689401882e-13
2.292769312865648563e-06,1.341586466060654350e-13
2.319345059274427713e-06,1.334120805363132213e-13
2.346228848142262270e-06,1.326699461034114113e-13
2.373424250023866098e-06,1.319322186987704062e-13
2.400934876860651595e-06,1.311988738606873909e-13
2.428764382460450616e-06,1.304698872735348555e-13
2.456916462982790237e-06,1.297452347669770351e-13
2.485394857429798321e-06,1.290248923151481820e-13
2.514203348142796490e-06,1.283088360358944264e-13
2.543345761304648260e-06,1.275970421899682037e-13
2.572825967447932223e-06,1.268894871802723876e-13
2.602647881969004651e-06,1.261861475510609777e-13
2.632815465648020122e-06,1.254869999872006001e-13
2.663332725174980912e-06,1.247920213133715486e-13
2.694203713681882057e-06,1.241011884933338035e-13
2.725432531281027893e-06,1.234144786291693716e-13
2.757023325609582764e-06,1.227318689605263935e-13
2.788980292380439744e-06,1.220533368638825872e-13
2.821307675939470909e-06,1.213788598517954644e-13
2.854009769829237506e-06,1.207084155721685759e-13
2.887090917359234552e-06,1.200419818075337876e-13
2.920555512182745261e-06,1.193795364743079582e-13
2.954407998880379827e-06,1.187210576220855905e-13
2.988652873550382432e-06,1.180665234329087116e-13
3.023294684405776334e-06,1.174159122205655570e-13
3.058338032378431778e-06,1.167692024298853160e-13
3.093787571730136731e-06,1.161263726360165960e-13
3.129648010670750519e-06,1.154874015437458204e-13
3.165924111983520818e-06,1.148522679868127508e-13
3.202620693657649979e-06,1.142209509271826138e-13
3.239742629528195378e-06,1.135934294544030095e-13
3.277294849923382168e-06,1.129696827849040587e-13
3.315282342319423268e-06,1.123496902613108702e-13
3.353710152002928776e-06,1.117334313518010671e-13
3.392583382740992040e-06,1.111208856494113463e-13
3.431907197459042598e-06,1.105120328713832036e-13
3.471686818926559579e-06,1.099068528585092018e-13
3.511927530450727740e-06,1.093053255744707816e-13
3.552634676578139464e-06,1.087074311051904745e-13
3.593813663804625307e-06,1.081131496581932155e-13
3.635469961293317292e-06,1.075224615619538988e-13
3.677609101601030474e-06,1.069353472652619844e-13
3.720236681413065301e-06,1.063517873365947267e-13
3.763358362286532808e-06,1.057717624634855929e-13
3.806979871402283974e-06,1.051952534518925185e-13
3.851107002325569028e-06,1.046222412255944978e-13
3.895745615775500812e-06,1.040527068255522026e-13
3.940901640403447568e-06,1.034866314093138125e-13
3.986581073580438997e-06,1.029239962503994633e-13
4.032789982193705460e-06,1.023647827376971690e-13
4.079534503452448557e-06,1.018089723748644991e-13
4.126820845702951947e-06,1.012565467797373243e-13
4.174655289253134888e-06,1.007074876837227722e-13
4.223044187206672164e-06,1.001617769312317650e-13
4.271993966306776970e-06,9.961939647907939677e-14
4.321511127789761941e-06,9.908032839591056712e-14
4.371602248248501995e-06,9.854455486163042342e-14
4.422273980505897255e-06,9.801205816681946794e-14
4.473533054498463085e-06,9.748282071217702589e-14
4.525386278170166693e-06,9.695682500795164997e-14
4.577840538376616169e-06,9.643405367338243018e-14
4.630902801799736631e-06,9.591448943614704358e-14
4.684580115873045307e-06,9.539811513179831831e-14
4.738879609717650886e-06,9.488491370322821204e-14
4.793808495089106764e-06,9.437486820011902989e-14
4.849374067335233355e-06,9.386796177839856760e-14
4.905583706365045857e-06,9.336417769970946695e-14
4.962444877628913673e-06,9.286349933087126305e-14
5.019965133110079395e-06,9.236591014335813323e-14
5.078152112327670320e-06,9.187139371276156285e-14
5.137013543351338897e-06,9.137993371828262174e-14
5.196557243827657437e-06,9.089151394220179927e-14
5.256791122018419569e-06,9.040611826937752858e-14
5.317723177850966182e-06,8.992373068671982072e-14
5.379361503980697620e-06,8.944433528270157478e-14
5.441714286865887343e-06,8.896791624683726077e-14
5.504789807854967299e-06,8.849445786920078044e-14
5.568596444286408679e-06,8.802394453991415917e-14
5.633142670601352205e-06,8.755636074867160414e-14
5.698437059469136196e-06,8.709169108423382553e-14
5.764488282925873171e-06,8.662992023395595691e-14
5.831305113526218997e-06,8.617103298330424229e-14
5.898896425508492959e-06,8.571501421537219294e-14
5.967271195973310562e-06,8.526184891041451584e-14
6.036438506075863713e-06,8.481152214537194165e-14
6.106407542232036346e-06,8.436401909340333560e-14
6.177187597338488473e-06,8.391932502342824646e-14
6.248788072006888211e-06,8.347742529966059511e-14
6.321218475812448520e-06,8.303830538115618394e-14
6.394488428556936328e-06,8.260195082135761873e-14
6.468607661546320942e-06,8.216834726764844452e-14
6.543586018883229431e-06,8.173748046090235886e-14
6.619433458774387721e-06,8.130933623504516059e-14
6.696160054853215108e-06,8.088390051661178861e-14
6.773775997517744987e-06,8.046115932431748446e-14
6.852291595284057289e-06,8.004109876861484382e-14
6.931717276155400522e-06,7.962370505127722217e-14
7.012063589007177030e-06,7.920896446496414189e-14
7.093341204987989700e-06,7.879686339280174445e-14
7.175560918936921209e-06,7.838738830796769810e-14
7.258733650817246552e-06,7.798052577327247056e-14
7.342870447166757580e-06,7.757626244074615517e-14
7.427982482564909622e-06,7.717458505123471297e-14
7.514081061116962114e-06,7.677548043398766983e-14
7.601177617955322483e-06,7.637893550626398888e-14
7.689283720758305013e-06,7.598493727292611643e-14
7.778411071286482598e-06,7.559347282604745735e-14
7.868571506936843969e-06,7.520452934452202151e-14
7.959777002314978321e-06,7.481809409367063698e-14
8.052039670825469458e-06,7.443415442485847243e-14
8.145371766280736623e-06,7.405269777511137305e-14
8.239785684528511741e-06,7.367371166673682865e-14
8.335293965098186867e-06,7.329718370694371748e-14
8.431909292866250367e-06,7.292310158747535336e-14
8.529644499741016815e-06,7.255145308423540153e-14
8.628512566366886081e-06,7.218222605691923449e-14
8.728526623848370479e-06,7.181540844865298712e-14
8.829699955494083082e-06,7.145098828563238459e-14
8.932045998580959975e-06,7.108895367676358979e-14
9.035578346138921401e-06,7.072929281330837995e-14
9.140310748756222539e-06,7.037199396853115356e-14
9.246257116405732772e-06,7.001704549735390147e-14
9.353431520292377225e-06,6.966443583600653327e-14
9.461848194721992990e-06,6.931415350168423399e-14
9.571521538991855843e-06,6.896618709221057632e-14
9.682466119303114621e-06,6.862052528569461221e-14
9.794696670695385670e-06,6.827715684020324951e-14
9.908228099003786902e-06,6.793607059342451561e-14
1.002307548283864352e-05,6.759725546234154967e-14
1.013925407558814327e-05,6.726070044290669574e-14
1.025677930744420885e-05,6.692639460971766590e-14
1.037566678745184839e-05,6.659432711569785600e-14
1.049593230558226690e-05,6.626448719177830212e-14
1.061759183482999109e-05,6.593686414658342367e-14
1.074066153333432268e-05,6.561144736611992187e-14
1.086515774652537261e-05,6.528822631346495886e-14
1.099109700929496075e-05,6.496719052846194763e-14
1.111849604819269957e-05,6.464832962741380505e-14
1.124737178364750747e-05,6.433163330278452267e-14
1.137774133221490236e-05,6.401709132289590330e-14
1.150962200885031106e-05,6.370469353163517764e-14
1.164303132920875528e-05,6.339442984815938968e-14
1.177798701197118017e-05,6.308629026660225596e-14
1.191450698119774729e-05,6.278026485578628821e-14
1.205260936870841401e-05,6.247634375893770528e-14
1.219231251649109383e-05,6.217451719339812654e-14
1.233363497913774693e-05,6.187477545034544143e-14
1.247659552630868525e-05,6.157710889451262145e-14
1.262121314522546164e-05,6.128150796391136652e-14
1.276750704319264449e-05,6.098796316955395885e-14
1.291549665014882683e-05,6.069646509518287933e-14
1.306520162124719865e-05,6.040700439699738204e-14
1.321664183946603801e-05,6.011957180338562228e-14
1.336983741824945150e-05,5.983415811465665847e-14
1.352480870417873994e-05,5.955075420277629105e-14
1.368157627967470456e-05,5.926935101110240905e-14
1.384016096573130180e-05,5.898993955412462819e-14
1.400058382468096031e-05,5.871251091720439589e-14
1.416286616299197323e-05,5.843705625631650995e-14
1.432702953409829647e-05,5.816356679779417133e-14
1.449309574126214897e-05,5.789203383807367090e-14
1.466108684046983036e-05,5.762244874344127239e-14
1.483102514336102853e-05,5.735480294978294780e-14
1.500293322019216613e-05,5.708908796233322938e-14
1.517683390283403825e-05,5.682529535542658588e-14
1.535275028780421074e-05,5.656341677225249074e-14
1.553070573933458561e-05,5.630344392460631872e-14
1.571072389247448757e-05,5.604536859264709619e-14
1.589282865622976477e-05,5.578918262465292269e-14
1.607704421673822041e-05,5.553487793677811539e-14
1.626339504048190734e-05,5.528244651281278321e-14
1.645190587753660725e-05,5.503188040394061492e-14
1.664260176485901990e-05,5.478317172850023934e-14
1.683550802961200778e-05,5.453631267174608050e-14
1.703065029252842484e-05,5.429129548560839882e-14
1.722805447131392224e-05,5.404811248845720077e-14
1.742774678408917511e-05,5.380675606486401558e-14
1.762975375287203833e-05,5.356721866536392421e-14
1.783410220710006182e-05,5.332949280621943758e-14
1.804081928719380908e-05,5.309357106918426738e-14
1.824993244816150412e-05,5.285944610126568335e-14
1.846146946324545750e-05,5.262711061448734379e-14
1.867545842761074234e-05,5.239655738565452426e-14
1.889192776207664550e-05,5.216777925611443008e-14
1.911090621689135813e-05,5.194076913151984099e-14
1.933242287555043403e-05,5.171551998159096980e-14
1.955650715865946999e-05,5.149202483987675310e-14
1.978318882784162123e-05,5.127027680351391417e-14
2.001249798969034841e-05,5.105026903298857560e-14
2.024446509976801623e-05,5.083199475189368132e-14
2.047912096665083489e-05,5.061544724668576875e-14
2.071649675602066959e-05,5.040061986644139378e-14
2.095662399480430758e-05,5.018750602261255234e-14
2.119953457536068761e-05,4.997609918877747606e-14
2.144526075971665420e-05,4.976639290039343486e-14
2.169383518385182289e-05,4.955838075454474949e-14
2.194529086203311546e-05,4.935205640969049492e-14
2.219966119119952429e-05,4.914741358540835402e-14
2.245697995539771554e-05,4.894444606213737316e-14
2.271728133026902697e-05,4.874314768091724058e-14
2.298059988758848710e-05,4.854351234312540635e-14
2.324697059985645546e-05,4.834553401020996141e-14
2.351642884494346329e-05,4.814920670342079385e-14
2.378901041078890856e-05,4.795452450353616965e-14
2.406475150015421866e-05,4.776148155058678287e-14
2.434368873543108034e-05,4.757007204357411966e-14
2.462585916350544169e-05,4.738029024018724459e-14
2.491130026067785879e-05,4.719213045651356636e-14
2.520004993764089510e-05,4.700558706674534371e-14
2.549214654451420375e-05,4.682065450288145175e-14
2.578762887593798400e-05,4.663732725442574059e-14
2.608653617622545218e-05,4.645559986807731582e-14
2.638890814457507585e-05,4.627546694741756906e-14
2.669478494034318111e-05,4.609692315259117522e-14
2.700420718837769874e-05,4.591996319997992687e-14
2.731721598441373358e-05,4.574458186187189866e-14
2.763385290053166867e-05,4.557077396612323422e-14
2.795415999067853594e-05,4.539853439581236633e-14
2.827817979625338199e-05,4.522785808888952919e-14
2.860595535175739117e-05,4.505874003781615433e-14
2.893753019050947418e-05,4.489117528919864348e-14
2.927294835042812854e-05,4.472515894341284558e-14
2.961225437988031288e-05,4.456068615422132666e-14
2.995549334359810082e-05,4.439775212838102203e-14
3.030271082866393438e-05,4.423635212524288619e-14
3.065395295056523920e-05,4.407648145634209538e-14
3.100926635931923166e-05,4.391813548497757207e-14
3.136869824566873116e-05,4.376130962578379760e-14
3.173229634734972955e-05,4.360599934429047631e-14
3.210010895543168686e-05,4.345220015647203288e-14
3.247218492073125124e-05,4.329990762828738455e-14
3.284857366030040257e-05,4.314911737520634690e-14
3.322932516398968385e-05,4.299982506172654804e-14
3.361449000108761818e-05,4.285202640087660406e-14
3.400411932703702948e-05,4.270571715370777700e-14
3.439826489022920894e-05,4.256089312877297958e-14
3.479697903887688269e-05,4.241755018159228096e-14
3.520031472796675308e-05,4.227568421410465462e-14
3.560832552629274530e-05,4.213529117410675758e-14
3.602106562357066397e-05,4.199636705467602057e-14
3.643858983763540501e-05,4.185890789358068738e-14
3.686095362172154264e-05,4.172290977267381822e-14
3.728821307182830118e-05,4.158836881727150326e-14
3.772042493416993489e-05,4.145528119551616351e-14
3.815764661271244413e-05,4.132364311772310261e-14
3.859993617679763090e-05,4.119345083571046736e-14
3.904735236885555739e-05,4.106470064211225077e-14
3.949995461220639028e-05,4.093738886967349855e-14
3.995780301895265397e-05,4.081151189052843825e-14
4.042095839796309883e-05,4.068706611545986509e-14
4.088948226294864539e-05,4.056404799314000530e-14
4.136343684063277602e-05,4.044245400935249108e-14
4.184288507901584570e-05,4.032228068619510614e-14
4.232789065573552758e-05,4.020352458126271517e-14
4.281851798652415236e-05,4.008618228681013097e-14
4.331483223376403243e-05,3.997025042889463521e-14
4.381689931514194311e-05,3.985572566649762922e-14
4.432478591240400772e-05,3.974260469062539561e-14
4.483855948021190816e-05,3.963088422338827672e-14
4.535828825510191179e-05,3.952056101705832665e-14
4.588404126454761567e-05,3.941163185310483098e-14
4.641588833612781789e-05,3.930409354120744175e-14
4.695390010680062706e-05,3.919794291824725595e-14
4.749814803228504342e-05,3.909317684727446794e-14
4.804870439655133953e-05,3.898979221645349204e-14
4.860564232142138599e-05,3.888778593798498726e-14
4.916903577628031102e-05,3.878715494700407103e-14
4.973895958790067998e-05,3.868789620045534677e-14
5.031548945038056354e-05,3.859000667594438552e-14
5.089870193519684978e-05,3.849348337056538397e-14
5.148867450137497919e-05,3.839832329970477169e-14
5.208548550577665455e-05,3.830452349582188462e-14
5.268921421350677227e-05,3.821208100720480519e-14
5.329994080844093065e-05,3.812099289670345173e-14
5.391774640387505315e-05,3.803125624043836460e-14
5.454271305329835997e-05,3.794286812648653968e-14
5.517492376129128718e-05,3.785582565354367802e-14
5.581446249454966800e-05,3.777012592956342605e-14
5.646141419303672785e-05,3.768576607037385236e-14
5.711586478126435033e-05,3.760274319827195635e-14
5.777790117970507076e-05,3.752105444059540082e-14
5.844761131633637632e-05,3.744069692827330508e-14
5.912508413831881707e-05,3.736166779435570726e-14
5.981040962380943893e-05,3.728396417252290747e-14
6.050367879391225302e-05,3.720758319557455939e-14
6.120498372476702897e-05,3.713252199390023302e-14
6.191441755977847869e-05,3.705877769393165699e-14
6.263207452198692193e-05,3.698634741657691170e-14
6.335804992658254750e-05,3.691522827563965303e-14
6.409244019356456464e-05,3.684541737622173211e-14
6.483534286054727050e-05,3.677691181311229090e-14
6.558685659571435525e-05,3.670970866916371212e-14
6.634708121092350460e-05,3.664380501365631059e-14
6.711611767496287204e-05,3.657919790065242233e-14
6.789406812696112826e-05,3.651588436734211901e-14
6.868103588995308007e-05,3.645386143238213828e-14
6.947712548460240371e-05,3.639312609422893234e-14
7.028244264308352554e-05,3.633367532946922995e-14
7.109709432312438478e-05,3.627550609114847179e-14
7.192118872221193494e-05,3.621861530710033751e-14
7.275483529196232206e-05,3.616299987827899910e-14
7.359814475265770482e-05,3.610865667709658710e-14
7.445122910795143767e-05,3.605558254576872206e-14
7.531420165974375832e-05,3.600377429466978373e-14
7.618717702322998534e-05,3.595322870070135740e-14
7.707027114212302839e-05,3.590394250567697494e-14
7.796360130405236585e-05,3.585591241472482920e-14
7.886728615614156353e-05,3.580913509471313194e-14
7.978144572076628584e-05,3.576360717270034924e-14
8.070620141149507638e-05,3.571932523441392429e-14
8.164167604921472403e-05,3.567628582276112254e-14
8.258799387844272151e-05,3.563448543637552707e-14
8.354528058382871408e-05,3.559392052820336836e-14
8.451366330684721500e-05,3.555458750413242085e-14
8.549327066268385105e-05,3.551648272166937988e-14
8.648423275731726594e-05,3.547960248866799697e-14
8.748668120479914808e-05,3.544394306211357143e-14
8.850074914473438851e-05,3.540950064696776135e-14
8.952657125996401179e-05,3.537627139507792348e-14
9.056428379445293972e-05,3.534425140415651021e-14
9.161402457138520365e-05,3.531343671683431024e-14
9.267593301146882789e-05,3.528382331979307399e-14
9.375015015145289155e-05,3.525540714298229459e-14
9.483681866285927585e-05,3.522818405892516174e-14
9.593608287093146887e-05,3.520214988211859199e-14
9.704808877380307014e-05,3.517730036853336857e-14
9.817298406188840773e-05,3.515363121521851825e-14
9.931091813749800526e-05,3.513113806001612226e-14
1.004620421346813112e-04,3.510981648139176173e-14
1.016265089392995232e-04,3.508966199838566514e-14
1.028044732093309733e-04,3.507067007069030059e-14
1.039960913954120295e-04,3.505283609885970172e-14
1.052015217616159118e-04,3.503615542465602999e-14
1.064209244064724582e-04,3.502062333153866223e-14
1.076544612842315928e-04,3.500623504530122411e-14
1.089022962263730567e-04,3.499298573486169439e-14
1.101645949633656949e-04,3.498087051321098800e-14
1.114415251466788068e-04,3.496988443852497857e-14
1.127332563710487184e-04,3.496002251544512264e-14
1.140399601970033122e-04,3.495127969653202101e-14
1.153618101736478507e-04,3.494365088389762248e-14
1.166989818617147353e-04,3.493713093101933255e-14
1.180516528568805612e-04,3.493171464474130937e-14
1.194200028133532475e-04,3.492739678746669558e-14
1.208042134677328878e-04,3.492417207954445263e-14
1.222044686631488684e-04,3.492203520185477986e-14
1.236209543736769146e-04,3.492098079859592024e-14
1.250538587290391272e-04,3.492100348027579230e-14
1.265033720395903835e-04,3.492209782691094732e-14
1.279696868215941666e-04,3.492425839143459989e-14
1.294529978227916035e-04,3.492747970331678004e-14
1.309535020482667609e-04,3.493175627239668894e-14
1.324713987866117508e-04,3.493708259292947958e-14
1.340068896363950598e-04,3.494345314784742468e-14
1.355601785329368979e-04,3.495086241323579351e-14
1.371314717753945468e-04,3.495930486302311597e-14
1.387209780541621008e-04,3.496877497388500066e-14
1.403289084785873094e-04,3.497926723035989789e-14
1.419554766050101563e-04,3.499077613017519189e-14
1.436008984651260766e-04,3.500329618978102851e-14
1.452653925946781202e-04,3.501682195008879236e-14
1.469491800624817218e-04,3.503134798241057308e-14
1.486524844997857086e-04,3.504686889459551874e-14
1.503755321299738291e-04,3.506337933735845660e-14
1.521185517986104894e-04,3.508087401079486187e-14
1.538817750038346259e-04,3.509934767107677217e-14
1.556654359271062154e-04,3.511879513732281940e-14
1.574697714643086743e-04,3.513921129863496995e-14
1.592950212572122977e-04,3.516059112129483576e-14
1.611414277253019891e-04,3.518292965611061362e-14
1.630092360979741085e-04,3.520622204590614560e-14
1.648986944471065013e-04,3.523046353314243877e-14
1.668100537200059119e-04,3.525564946766208309e-14
1.687435677727375780e-04,3.528177531454541617e-14
1.706994934038408014e-04,3.530883666206847639e-14
1.726780903884355897e-04,3.533682922975026132e-14
1.746796215127245720e-04,3.536574887647868293e-14
1.767043526088946592e-04,3.539559160870185942e-14
1.787525525904235457e-04,3.542635358867320106e-14
1.808244934877951721e-04,3.545803114273701190e-14
1.829204504846293803e-04,3.549062076964151862e-14
1.850407019542302061e-04,3.552411914886627557e-14
1.871855294965579319e-04,3.555852314895033974e-14
1.893552179756295359e-04,3.559382983580767249e-14
1.915500555573527931e-04,3.563003648101632587e-14
1.937703337477988843e-04,3.566714057006758633e-14
1.960163474319185771e-04,3.570513981056162740e-14
1.982883949127071325e-04,3.574403214033639943e-14
2.005867779508234102e-04,3.578381573551621965e-14
2.029118018046678087e-04,3.582448901846721984e-14
2.052637752709252192e-04,3.586605066564685941e-14
2.076430107255774669e-04,3.590849961533521668e-14
2.100498241653915262e-04,3.595183507523595398e-14
2.124845352498882828e-04,3.599605652993564123e-14
2.149474673437980470e-04,3.604116374821033080e-14
2.174389475600079977e-04,3.608715679016920420e-14
2.199593068030074913e-04,3.613403601422530040e-14
2.225088798128369288e-04,3.618180208388467371e-14
2.250880052095461704e-04,3.623045597434525942e-14
2.276970255381680010e-04,3.627999897889853052e-14
2.303362873142130959e-04,3.633043271512673215e-14
2.330061410696924790e-04,3.638175913089026652e-14
2.357069413996727572e-04,3.643398051010037500e-14
2.384390470093720473e-04,3.648709947827307866e-14
2.412028207618007131e-04,3.654111900786154346e-14
2.439986297259550470e-04,3.659604242336512217e-14
2.468268452255692339e-04,3.665187340621366555e-14
2.496878428884326717e-04,3.670861599942791692e-14
2.525820026962784779e-04,3.676627461205665911e-14
2.555097090352507149e-04,3.682485402339307504e-14
2.584713507469563534e-04,3.688435938697359725e-14
2.614673211801091831e-04,3.694479623436340524e-14
2.644980182427719858e-04,3.700617047873424417e-14
2.675638444552045064e-04,3.706848841824049708e-14
2.706652070033241072e-04,3.713175673920127942e-14
2.738025177927857720e-04,3.719598251909665895e-14
2.769761935036891046e-04,3.726117322938728443e-14
2.801866556459195316e-04,3.732733673816759624e-14
2.834343306151309184e-04,3.739448131266373235e-14
2.867196497493769728e-04,3.746261562158786156e-14
2.900430493863991868e-04,3.753174873736150281e-14
2.934049709215786890e-04,3.760189013822141773e-14
2.968058608665602493e-04,3.767304971022171442e-14
3.002461709085549389e-04,3.774523774914717587e-14
3.037263579703311511e-04,3.781846496235261860e-14
3.072468842709003239e-04,3.789274247054417839e-14
3.108082173869063645e-04,3.796808180951851513e-14
3.144108303147264728e-04,3.804449493187639535e-14
3.180552015332919840e-04,3.812199420872762895e-14
3.217418150676371437e-04,3.820059243140388815e-14
3.254711605531848163e-04,3.828030281319743895e-14
3.292437333007768767e-04,3.836113899114207354e-14
3.330600343624588820e-04,3.844311502785473447e-14
3.369205705980267201e-04,3.852624541345435885e-14
3.408258547423452110e-04,3.861054506757584023e-14
3.447764054734464112e-04,3.869602934149610972e-14
3.487727474814177595e-04,3.878271402038958400e-14
3.528154115380883050e-04,3.887061532572974819e-14
3.569049345675229896e-04,3.895974991785376159e-14
3.610418597173337151e-04,3.905013489870614117e-14
3.652267364308175480e-04,3.914178781477791845e-14
3.694601205199302477e-04,3.923472666025671255e-14
3.737425742391063937e-04,3.932896988040316215e-14
3.780746663599348950e-04,3.942453637516871736e-14
3.824569722466999088e-04,3.952144550306890885e-14
3.868900739327975780e-04,3.961971708532667257e-14
3.913745601980383993e-04,3.971937141029890700e-14
3.959110266468458469e-04,3.982042923819944018e-14
4.005000757873611187e-04,3.992291180613136280e-14
4.051423171114647368e-04,4.002684083344052223e-14
4.098383671757261184e-04,4.013223852740229462e-14
4.145888496832911426e-04,4.023912758925267893e-14
4.193943955667186118e-04,4.034753122057479490e-14
4.242556430717776958e-04,4.045747313005114116e-14
4.291732378422157359e-04,4.056897754059175497e-14
4.341478330055092592e-04,4.068206919684802397e-14
4.391800892596086085e-04,4.079677337312152168e-14
4.442706749606882793e-04,4.091311588167698579e-14
4.494202662119142376e-04,4.103112308146815482e-14
4.546295469532399291e-04,4.115082188728543697e-14
4.598992090522438817e-04,4.127223977933330006e-14
4.652299523960188752e-04,4.139540481324609757e-14
4.706224849841281286e-04,4.152034563055026390e-14
4.760775230226368536e-04,4.164709146958105115e-14
4.815957910192350034e-04,4.177567217686177827e-14
4.871780218794630342e-04,4.190611821895397968e-14
4.928249570040513054e-04,4.203846069478618420e-14
4.985373463873893265e-04,4.217273134847004590e-14
5.043159487171358559e-04,4.230896258261194275e-14
5.101615314749833501e-04,4.244718747212904866e-14
5.160748710385908026e-04,4.258743977857834178e-14
5.220567527846975506e-04,4.272975396500823636e-14
5.281079711934330654e-04,4.287416521134199513e-14
5.342293299538351933e-04,4.302070943030329748e-14
5.404216420705914865e-04,4.316942328389377038e-14
5.466857299720180412e-04,4.332034420043395536e-14
5.530224256192900478e-04,4.347351039217852833e-14
5.594325706169377133e-04,4.362896087351810378e-14
5.659170163246242521e-04,4.378673547977984120e-14
5.724766239702178735e-04,4.394687488664020752e-14
5.791122647641758691e-04,4.410942063016346407e-14
5.858248200152535966e-04,4.427441512748068335e-14
5.926151812475552710e-04,4.444190169812427760e-14
5.994842503189408769e-04,4.461192458603423305e-14
6.064329395408061141e-04,4.478452898225283036e-14
6.134621717992506636e-04,4.495976104832547758e-14
6.205728806776500623e-04,4.513766794042634229e-14
6.277660105806500508e-04,4.531829783422806885e-14
6.350425168595961881e-04,4.550169995053612900e-14
6.424033659394191159e-04,4.568792458170909896e-14
6.498495354469888087e-04,4.587702311888726631e-14
6.573820143409585173e-04,4.606904808005295523e-14
6.650018030431118507e-04,4.626405313894712537e-14
6.727099135712337041e-04,4.646209315486774060e-14
6.805073696735206446e-04,4.666322420337676665e-14
6.883952069645496224e-04,4.686750360794363502e-14
6.963744730628222430e-04,4.707498997255423475e-14
7.044462277299036847e-04,4.728574321531602724e-14
7.126115430111745839e-04,4.749982460309071242e-14
7.208715033782135597e-04,4.771729678718765401e-14
7.292272058728313045e-04,4.793822384015234471e-14
7.376797602527730442e-04,4.816267129368571305e-14
7.462302891391107279e-04,4.839070617773168260e-14
7.548799281653431614e-04,4.862239706077161910e-14
7.636298261282241416e-04,4.885781409136619375e-14
7.724811451403400600e-04,4.909702904098659871e-14
7.814350607844542133e-04,4.934011534817885544e-14
7.904927622696419996e-04,4.958714816410657231e-14
7.996554525892346716e-04,4.983820439951962823e-14
8.089243486805937659e-04,5.009336277319767907e-14
8.183006815867389754e-04,5.035270386191975023e-14
8.277856966198472461e-04,5.061631015201305930e-14
8.373806535266489033e-04,5.088426609253618182e-14
8.470868266557402123e-04,5.115665815015414068e-14
8.569055051268347108e-04,5.143357486576497498e-14
8.668379930019773794e-04,5.171510691294008310e-14
8.768856094587426870e-04,5.200134715824260381e-14
8.870496889654402514e-04,5.229239072349131769e-14
8.973315814583519715e-04,5.258833505003942551e-14
9.077326525210223113e-04,5.288927996514123315e-14
9.182542835656281937e-04,5.319532775048183008e-14
9.288978720164497516e-04,5.350658321294857789e-14
9.396648314954690433e-04,5.382315375772585745e-14
9.505565920101191743e-04,5.414514946379822716e-14
9.615746001432095213e-04,5.447268316195009897e-14
9.727203192450537298e-04,5.480587051535427899e-14
9.839952296278227113e-04,5.514483010284479369e-14
9.954008287621518049e-04,5.548968350497359978e-14
1.006938631476027041e-03,5.584055539295526974e-14
1.018610170155975336e-03,5.619757362060696962e-14
1.030416994950587558e-03,5.656086931939668127e-14
1.042360673976401152e-03,5.693057699671631322e-14
1.054442793526168438e-03,5.730683463750194843e-14
1.066664958279538774e-03,5.768978380932768002e-14
1.079028791516183647e-03,5.807956977110581619e-14
1.091535935331391146e-03,5.847634158553100007e-14
1.104188050854160164e-03,5.888025223541149531e-14
1.116986818467822530e-03,5.929145874403818991e-14
1.129933938033221693e-03,5.971012229974607398e-14
1.143031129114478739e-03,6.013640838483192096e-14
1.156280131207375458e-03,6.057048690899691289e-14
1.169682703970384603e-03,6.101253234749139413e-14
1.183240627458377906e-03,6.146272388414613247e-14
1.196955702359042868e-03,6.192124555948198911e-14
1.210829750232039325e-03,6.238828642409928945e-14
1.224864613750930708e-03,6.286404069755589878e-14
1.239062156947915577e-03,6.334870793295225853e-14
1.253424265461399551e-03,6.384249318745203922e-14
1.267952846786433866e-03,6.434560719897593910e-14
1.282649830528059809e-03,6.485826656931740390e-14
1.297517168657586796e-03,6.538069395393982171e-14
1.312556835771842671e-03,6.591311825872629609e-14
1.327770829355428986e-03,6.645577484396495239e-14
1.343161170046015297e-03,6.700890573586607347e-14
1.358729901902709127e-03,6.757275984591954081e-14
1.374479092677536717e-03,6.814759319841632986e-14
1.390410834090069709e-03,6.873366916647121204e-14
1.406527242105236331e-03,6.933125871690008613e-14
1.422830457214352027e-03,6.994064066432075955e-14
1.439322644719406375e-03,7.056210193486353235e-14
1.456005995020648574e-03,7.119593783989519014e-14
1.472882723907501879e-03,7.184245236017878120e-14
1.489955072852853580e-03,7.250195844091149518e-14
1.507225309310755452e-03,7.317477829810281488e-14
1.524695727017573053e-03,7.386124373677737742e-14
1.542368646296627451e-03,7.456169648150927128e-14
1.560246414366367983e-03,7.527648851981872929e-14
1.578331405652116590e-03,7.600598245898666408e-14
1.596626022101425152e-03,7.675055189686937668e-14
1.615132693503091351e-03,7.751058180732368864e-14
1.633853877809862123e-03,7.828646894088083108e-14
1.652792061464895606e-03,7.907862224133981191e-14
1.671949759731990040e-03,7.988746327898146387e-14
1.691329517029648791e-03,8.071342670113975486e-14
1.710933907269015109e-03,8.155696070090195490e-14
1.730765534195725843e-03,8.241852750474744760e-14
1.750827031735725098e-03,8.329860387997393721e-14
1.771121064345088569e-03,8.419768166280242640e-14
1.791650327363901278e-03,8.511626830809583416e-14
1.812417547374237711e-03,8.605488746167245812e-14
1.833425482562290546e-03,8.701407955624487434e-14
1.854676923084699371e-03,8.799440243206585963e-14
1.876174691439121654e-03,8.899643198341781370e-14
1.897921642839101508e-03,9.002076283213871644e-14
1.919920665593284788e-03,9.106800902943919942e-14
1.942174681489026522e-03,9.213880478732799064e-14
1.964686646180446600e-03,9.323380524103116145e-14
1.987459549580983600e-03,9.435368724386128672e-14
2.010496416260499231e-03,9.549915019606757738e-14
2.033800305846981960e-03,9.667091690927761206e-14
2.057374313432913573e-03,9.786973450822495179e-14
2.081221569986339229e-03,9.909637537154474392e-14
2.105345242766706263e-03,1.003516381135137566e-13
2.129748535745521181e-03,1.016363486087095837e-13
2.154434690031884272e-03,1.029513610616678385e-13
2.179406984302956034e-03,1.042975591237275938e-13
2.204668735239409625e-03,1.056758570593706108e-13
2.230223297965938743e-03,1.070872009644852740e-13
2.256074066496861676e-03,1.085325700391146744e-13
2.282224474186898746e-03,1.100129779173895992e-13
2.308677994187169520e-03,1.115294740574898090e-13
2.335438139906479207e-03,1.130831451946365011e-13
2.362508465477947562e-03,1.146751168602790885e-13
2.389892566231050126e-03,1.163065549708165961e-13
2.417594079169130793e-03,1.179786674893769051e-13
2.445616683452446396e-03,1.196927061643724330e-13
2.473964100886814031e-03,1.214499683487594030e-13
2.502640096417919208e-03,1.232517989041466250e-13
2.531648478631355528e-03,1.250995921941331049e-13
2.560993100258459210e-03,1.269947941715018745e-13
2.590677858688008716e-03,1.289389045641591389e-13
2.620706696483852353e-03,1.309334791649870796e-13
2.651083601908538895e-03,1.329801322310751117e-13
2.681812609453015830e-03,1.350805389981075680e-13
2.712897800372467225e-03,1.372364383160213657e-13
2.744343303228365376e-03,1.394496354124003485e-13
2.776153294436800850e-03,1.417220047904520502e-13
2.808331998823172457e-03,1.440554932688124606e-13
2.840883690183303948e-03,1.464521231708513936e-13
2.873812691851066348e-03,1.489139956716048854e-13
2.907123377272578368e-03,1.514432943109441636e-13
2.940820170587063812e-03,1.540422886821035234e-13
2.974907547214440586e-03,1.567133383052385954e-13
3.009390034449721096e-03,1.594588966962666901e-13
3.044272212064302961e-03,1.622815156418641878e-13
3.079558712914226386e-03,1.651838496921548799e-13
3.115254223555487950e-03,1.681686608833298065e-13
3.151363484866479339e-03,1.712388237031901076e-13
3.187891292677645996e-03,1.743973303134051810e-13
3.224842498408442022e-03,1.776472960431343463e-13
3.262222009711669788e-03,1.809919651695717606e-13
3.300034791125285374e-03,1.844347170019484793e-13
3.338285864731760887e-03,1.879790722865640996e-13
3.376980310825091272e-03,1.916286999515321529e-13
3.416123268585528460e-03,1.953874242111080617e-13
3.455719936762139538e-03,1.992592320507359873e-13
3.495775574363275268e-03,2.032482811153069958e-13
3.536295501355042614e-03,2.073589080245673568e-13
3.577285099367873231e-03,2.115956371411666199e-13
3.618749812411280273e-03,2.159631898184930157e-13
3.660695147596902850e-03,2.204664941572152894e-13
3.703126675869926592e-03,2.251106953013531400e-13
3.746050032748993088e-03,2.299011663067296828e-13
3.789470919074667144e-03,2.348435196168368635e-13
3.833395101766601080e-03,2.399436191834850545e-13
3.877828414589457214e-03,2.452075932721034658e-13
3.922776758927719494e-03,2.506418479942475009e-13
3.968246104569481472e-03,2.562530816127442503e-13
4.014242490499322046e-03,2.620482996679979116e-13
4.060772025700365266e-03,2.680348309772881163e-13
4.107840889965646940e-03,2.742203445624602038e-13
4.155455334718875619e-03,2.806128675652210831e-13
4.203621683844713762e-03,2.872208042133681124e-13
4.252346334528682263e-03,2.940529559056873163e-13
4.301635758106795056e-03,3.011185424880093547e-13
4.351496500925049540e-03,3.084272247980084347e-13
4.401935185208874328e-03,3.159891285618288622e-13
4.452958509942655727e-03,3.238148697315269855e-13
4.504573251759458330e-03,3.319155813586858851e-13
4.556786265841063742e-03,3.403029421064111635e-13
4.609604486828434121e-03,3.489892065092971472e-13
4.663034929742731517e-03,3.579872370989200361e-13
4.717084690917017036e-03,3.673105385209861263e-13
4.771760948938746048e-03,3.769732937795259567e-13
4.827070965603183494e-03,3.869904027535072298e-13
4.883022086877879774e-03,3.973775231420230509e-13
4.939621743878320863e-03,4.081511140058489015e-13
4.996877453854883626e-03,4.193284820857357757e-13
5.054796821191240297e-03,4.309278310913985912e-13
5.113387538414325764e-03,4.429683141698400291e-13
5.172657387216019441e-03,4.554700897775448077e-13
5.232614239486662287e-03,4.684543811982575837e-13
5.293266058360561639e-03,4.819435399666651949e-13
5.354620899273607876e-03,4.959611134784400338e-13
5.416686911033152113e-03,5.105319170889192891e-13
5.479472336900287170e-03,5.256821110263399192e-13
5.542985515684668851e-03,5.414392824711647110e-13
5.607234882852032802e-03,5.578325331808445315e-13
5.672228971644543115e-03,5.748925730695041963e-13
5.737976414214134013e-03,5.926518201847820762e-13
5.804485942768978189e-03,6.111445075595822436e-13
5.871766390733255264e-03,6.304067974551248317e-13
5.939826693920356553e-03,6.504769035536318270e-13
6.008675891719686586e-03,6.713952217046115123e-13
6.078323128297229670e-03,6.932044698783421794e-13
6.148777653810022850e-03,7.159498380341524873e-13
6.220048825634711363e-03,7.396791486698973602e-13
6.292146109610343568e-03,7.644430288830768550e-13
6.365079081295571019e-03,7.902950948438245550e-13
6.438857427240419345e-03,8.172921496560696440e-13
6.513490946272802555e-03,8.454943956661721456e-13
6.588989550799949878e-03,8.749656623688511571e-13
6.665363268124913435e-03,9.057736511590880182e-13
6.742622241778342337e-03,9.379901982866506989e-13
6.820776732865685421e-03,9.716915574878406095e-13
6.899837121430018629e-03,1.006958703898039199e-12
6.979813907830660115e-03,1.043877660989709419e-12
7.060717714137772563e-03,1.082539852434836288e-12
7.142559285543126184e-03,1.123042480959834742e-12
7.225349491787214085e-03,1.165488936446027413e-12
7.309099328602909965e-03,1.209989235731716194e-12
7.393819919175866756e-03,1.256660496794272143e-12
7.479522515621821015e-03,1.305627450234713411e-12
7.566218500481054592e-03,1.357022991255092732e-12
7.653919388230148030e-03,1.410988775613091617e-12
7.742636826811269413e-03,1.467675863361400664e-12
7.832382599179196422e-03,1.527245414534713812e-12
7.923168624866253756e-03,1.589869441337824256e-12
8.015006961565405291e-03,1.655731621818300648e-12
8.107909806731686611e-03,1.725028180480618968e-12
8.201889499202202546e-03,1.797968841820081609e-12
8.296958520834906564e-03,1.874777863329742724e-12
8.393129498166364971e-03,1.955695155167415325e-12
8.490415204088747059e-03,2.040977494369404011e-12
8.588828559546249353e-03,2.130899842269863134e-12
8.688382635251184691e-03,2.225756774637864282e-12
8.789090653419954699e-03,2.325864034987219023e-12
8.890965989529158939e-03,2.431560222557100906e-12
8.994022174092043687e-03,2.543208627615446989e-12
9.098272894455557494e-03,2.661199228015134692e-12
9.203731996618221695e-03,2.785950862348457070e-12
9.310413487069076066e-03,2.917913596614928630e-12
9.418331534647951184e-03,3.057571303058166908e-12
9.527500472427289507e-03,3.205444471759608686e-12
9.637934799615785822e-03,3.362093277722554457e-12
9.749649183484086420e-03,3.528120928564254863e-12
9.862658461312821118e-03,3.704177320585150617e-12
9.976977642363202281e-03,3.890963033933988381e-12
1.009262190987048405e-02,4.089233700871881536e-12
1.020960662306047602e-02,4.299804784796789765e-12
1.032794731918952429e-02,4.523556811768817111e-12
1.044765971560805175e-02,4.761441100825688400e-12
1.056875971184804974e-02,5.014486044456384688e-12
1.069126339173477255e-02,5.283803996272920100e-12
1.081518702552289150e-02,5.570598829259708575e-12
1.094054707205743479e-02,5.876174235070740596e-12
1.106736018095974550e-02,6.201942842780310014e-12
1.119564319483879432e-02,6.549436244380917939e-12
1.132541315152812630e-02,6.920316024282929999e-12
1.145668728634872610e-02,7.316385901241591379e-12
1.158948303439811742e-02,7.739605103675204230e-12
1.172381803286599682e-02,8.192103113419050954e-12
1.185971012337670542e-02,8.676195928785935989e-12
1.199717735435885599e-02,9.194404015603953217e-12
1.213623798344241715e-02,9.749472134936835145e-12
1.227691047988360359e-02,1.034439125875839353e-11
1.241921352701784616e-02,1.098242281028967766e-11
1.256316602474121490e-02,1.166712549440160447e-11
1.270878709202059517e-02,1.240238501587908003e-11
1.285609606943296547e-02,1.319244701993912473e-11
1.300511252173409786e-02,1.404195363077311325e-11
1.315585624045705233e-02,1.495598401070274226e-11
1.330834724654075991e-02,1.594009941555763029e-11
1.346260579298911089e-02,1.700039328196848401e-11
1.361865236756082745e-02,1.814354695041947955e-11
1.377650769549054917e-02,1.937689170526208767e-11
1.393619274224143501e-02,2.070847790077471182e-11
1.409772871628967722e-02,2.214715204227407953e-11
1.426113707194129852e-02,2.370264280498539823e-11
1.442643951218158804e-02,2.538565710287216439e-11
1.459365799155757683e-02,2.720798746722603182e-11
1.476281471909391199e-02,2.918263216320174972e-11
1.493393216124253367e-02,3.132392966474327949e-11
1.510703304486655726e-02,3.364770932805765681e-11
1.528214036025870616e-02,3.617146035509916866e-11
1.545927736419478588e-02,3.891452142621869522e-11
1.563846758302247716e-02,4.189829371078092856e-11
1.581973481578601362e-02,4.514648034261064645e-11
1.600310313738701612e-02,4.868535588110544323e-11
1.618859690178199237e-02,5.254406977747344589e-11
1.637624074521688844e-02,5.675498843898588355e-11
1.656605958949915192e-02,6.135408114421354737e-11
1.675807864530768840e-02,6.638135582275556597e-11
1.695232341554121433e-02,7.188135159010842538e-11
1.714881969870540868e-02,7.790369594088938732e-11
1.734759359233932485e-02,8.450373567369913357e-11
1.754867149648152089e-02,9.174325197429386443e-11
1.775208011717635884e-02,9.969127165071745893e-11
1.795784647002096959e-02,1.084249883301563163e-10
1.816599788375328553e-02,1.180308095342492038e-10
1.837656200388172387e-02,1.286055479965178260e-10
1.858956679635688156e-02,1.402577784302344329e-10
1.880504055128583499e-02,1.531093842655415799e-10
1.902301188668945736e-02,1.672973227313036573e-10
1.924350975230332272e-02,1.829756411548918786e-10
1.946656343342263382e-02,2.003177826040756406e-10
1.969220255479173579e-02,2.195192251322104682e-10
1.992045708453871189e-02,2.408005060683318971e-10
2.015135733815558508e-02,2.644106912042826819e-10
2.038493398252464242e-02,2.906313585933396819e-10
2.062121803999144437e-02,3.197811782526367284e-10
2.086024089248504979e-02,3.522211826688464788e-10
2.110203428568596662e-02,3.883608390172321012e-10
2.134663033324245285e-02,4.286650528646550912e-10
2.159406152103567761e-02,4.736622553708384186e-10
2.184436071149428379e-02,5.239537522669821379e-10
2.209756114795903212e-02,5.802245439409525651e-10
2.235369645909796379e-02,6.432558627095986069e-10
2.261280066337279654e-02,7.139397169116356849e-10
2.287490817355703962e-02,7.932957831309648103e-10
2.314005380130654266e-02,8.824910492521918582e-10
2.340827276178294308e-02,9.828626840754249948e-10
2.367960067833078594e-02,1.095944696191441351e-09
2.395407358720879482e-02,1.223499048537791250e-09
2.423172794237600514e-02,1.367552018906307171e-09
2.451260062033339820e-02,1.530436744753078333e-09
2.479672892502160150e-02,1.714843067948215994e-09
2.508415059277541159e-02,1.923876007638574288e-09
2.537490379733571555e-02,2.161124444534281939e-09
2.566902715491951870e-02,2.430741906626574503e-09
2.596655972934872394e-02,2.737541715527155099e-09
2.626754103723838440e-02,3.087109197636976865e-09
2.657201105324506762e-02,3.485934201536711607e-09
2.688001021537607393e-02,3.941567812351857321e-09
2.719157943036018890e-02,4.462807939932412047e-09
2.750676007908067419e-02,5.059919410669652435e-09
2.782559402207126012e-02,5.744895349774540395e-09
2.814812360507581296e-02,6.531768047620824116e-09
2.847439166467247845e-02,7.436979216788398827e-09
2.880444153396297807e-02,8.479821635550799851e-09
2.913831704832789068e-02,9.682966725184700645e-09
2.947606255124858229e-02,1.107309572984373188e-08
2.981772290019673102e-02,1.268165599199324756e-08
3.016334347259197468e-02,1.454576850919655502e-08
3.051297017182871135e-02,1.670931872579442794e-08
3.086664943337274689e-02,1.922426961334635788e-08
3.122442823092858033e-02,2.215224484867306158e-08
3.158635408267818773e-02,2.556644071125186519e-08
3.195247505759213347e-02,2.955393869844278927e-08
3.232283978181380718e-02,3.421850743316842918e-08
3.269749744511767781e-02,3.968400301422972089e-08
3.307649780744242179e-02,4.609850254302838364e-08
3.345989120549974771e-02,5.363933742600272011e-08
3.384772855945983316e-02,6.251923281135339168e-08
3.424006137971425529e-02,7.299380921461193748e-08
3.463694177371734462e-02,8.537076461443094500e-08
3.503842245290676033e-02,1.000211333576761912e-07
3.544455673970435539e-02,1.173931163072673773e-07
3.585539857459817126e-02,1.380291001672225582e-07
3.627100252330648505e-02,1.625866396965853236e-07
3.669142378402494298e-02,1.918643733817080720e-07
3.711671819475766826e-02,2.268340923807398748e-07
3.754694224073337055e-02,2.686804987315582171e-07
3.798215306190736579e-02,3.188505906772069136e-07
3.842240846055060971e-02,3.791151247336826444e-07
3.886776690892667502e-02,4.516452571541293952e-07
3.931828755705769896e-02,5.391083023899545891e-07
3.977403024058037001e-02,6.447876158509248745e-07
4.023505548869293208e-02,7.727329815303349769e-07
4.070142453219438572e-02,9.279496516784352204e-07
4.117319931161678853e-02,1.116636463096595908e-06
4.165044248545184818e-02,1.346486396663729655e-06
4.213321743847289053e-02,1.627066755484043389e-06
4.262158829015325057e-02,1.970301078545836396e-06
4.311561990318228677e-02,2.391081331855452036e-06
4.361537789208005944e-02,2.908047291483982414e-06
4.412092863191190151e-02,3.544580967389289573e-06
4.463233926710397093e-02,4.330078229364960200e-06
4.514967772036102001e-02,5.301578573282611989e-06
4.567301270168747096e-02,6.505858656125458913e-06
4.620241371751312998e-02,8.002127770067611598e-06
4.673795107992463616e-02,9.865506416599004983e-06
4.727969591600390820e-02,1.219152607154800014e-05
4.782772017727485170e-02,1.510196380148409868e-05
4.838209664925956915e-02,1.875242594801425887e-05
4.894289896114531468e-02,2.334222922895464640e-05
4.951020159556351191e-02,2.912730696978868336e-05
5.008407989848212560e-02,3.643710863006217036e-05
5.066461008921268466e-02,4.569678394960501809e-05
5.125186927053333036e-02,5.745637847212957232e-05
5.184593543892913187e-02,7.242935543546278070e-05
5.244688749495118874e-02,9.154355575008217181e-05
5.305480525369574152e-02,1.160087897835477156e-04
5.366976945540476163e-02,1.474067279997274681e-04
5.429186177618942899e-02,1.878107691386607804e-04
5.492116483887789224e-02,2.399463187633393423e-04
5.555776222398877556e-02,3.074056921406416367e-04
5.620173848083188234e-02,3.949370610522557972e-04
5.685317913873753209e-02,5.088340511761641101e-04
5.751217071841613349e-02,6.574625477060474414e-04
5.817880074344935343e-02,8.519750846941717476e-04
5.885315775191450605e-02,1.107282436876019099e-03
5.953533130814370189e-02,1.443378910939143930e-03
6.022541201461927007e-02,1.887155487760173132e-03
6.092349152400711176e-02,2.474887878050908291e-03
6.162966255132941440e-02,3.255661129639236383e-03
6.234401888627863486e-02,4.296097860847406837e-03
6.306665540567406303e-02,5.686906727180298868e-03
6.379766808606282535e-02,7.551980469993409446e-03
6.453715401646702154e-02,1.006107653128953533e-02
6.528521141127847927e-02,1.344754798207508859e-02
6.604193962330305590e-02,1.803321706387800080e-02
6.680743915695615265e-02,2.426338379501779066e-02
6.758181168161110641e-02,3.275626379098880298e-02
6.836516004510238831e-02,4.437303816925732003e-02
6.915758828738524655e-02,6.031744823373914183e-02
6.995920165435375038e-02,8.227788497284778402e-02
7.077010661181890039e-02,1.126308129895729759e-01
7.159041085964888695e-02,1.547330333233715993e-01
7.242022334607314815e-02,2.133430829477015733e-01
7.325965428215229502e-02,2.952310257579181529e-01
7.410881515641569439e-02,4.100640827077785544e-01
7.496781874966876313e-02,5.716976317632227467e-01
7.583677914997190295e-02,8.000641593458124312e-01
7.671581176779301847e-02,1.123947567706826023e+00
7.760503335133571434e-02,1.585073391250569452e+00
7.850456200204508628e-02,2.244162411905712418e+00
7.941451719029339607e-02,3.189925207525965423e+00
8.033501977124735127e-02,4.552479270833003078e+00
8.126619200091945994e-02,6.523443367917245439e+00
8.220815755240540312e-02,9.386154015085788060e+00
8.316104153230961804e-02,1.356128895529723799e+01
8.412497049736118726e-02,1.967603880209961886e+01
8.510007247122246266e-02,2.866942041578032274e+01
8.608647696149245021e-02,4.195329529135204183e+01
8.708431497690724554e-02,6.165961309278354463e+01
8.809371904473990711e-02,9.102169972423980937e+01
8.911482322840201531e-02,1.349648415359227158e+02
9.014776314524917955e-02,2.010251097967368139e+02
9.119267598459297741e-02,3.007852713990770894e+02
9.224970052592174063e-02,4.521289697463607240e+02
9.331897715733239451e-02,6.827957206508239096e+02
9.440064789417602908e-02,1.036013413377286270e+03
9.549485639791965852e-02,1.579464303497385117e+03
9.660174799522645850e-02,2.419625166146846823e+03
9.772146969725724330e-02,3.724813061365765861e+03
9.885417021919573610e-02,5.762401731982085039e+03
1.000000000000000056e-01,8.959217522936878595e+03
